sub_id,fri_win,fri_loss,str_win,str_loss,comp_win,comp_loss
1001,"['-0.7888169289', '-0.5078634024', '-0.5887885094', '-0.2140434384', '-1.181198478', '0.9833142757', '-0.4207695723', '-1.550464392', '-0.01300024334', '-0.733119905', '-0.8721436262', '-1.39674294', '-1.084720492', '-0.3752189577', '0.4514481425', '-0.4172449708', '-0.7149063349', '-0.5214204788', '-1.119442225']","['-3.114137173', '-2.958539486', '-2.947723627', '-2.715856552', '-2.659448385', '-1.124072313', '-1.625325561', '-1.814619422', '-2.28563118', '-2.399736881', '-1.960947514', '-3.361112833', '-2.483340979', '-1.877641082', '-1.544961333', '-2.022992849', '-2.022965431', '-1.710636139', '-2.158954144']","['-1.235361695', '-2.052060604', '-2.016640425', '-2.073087215', '-1.858744621', '-0.2996999621', '-0.5646497607', '-0.7382000685', '-1.405651689', '-1.50050211', '-1.05641818', '-1.481430411', '-1.18559885', '-0.9081750512', '0.247281611', '-1.347880125', '-1.114612937', '-0.2851703763', '-1.104363084']","['0.1290691644', '-0.5119693279', '-0.7508870363', '-0.9003686309', '-1.044195414', '0.2727391124', '0.2609018087', '-0.05960547179', '-0.4581207633', '-0.03335707635', '0.03285369277', '-0.2525769472', '-0.2173561454', '-0.04433625564', '0.6364994645', '0.1913536936', '1.046804428', '0.9712882638', '0.7260804772']","['-2.351267338', '-3.112532854', '-2.904612064', '-2.738588572', '-3.725197792', '-0.5404279828', '-2.535003424', '-2.901732206', '-2.809327602', '-3.241140842', '-2.50667572', '-4.064019203', '-3.426908255', '-2.652649641', '-2.320554733', '-2.95399785', '-2.73275876', '-1.851072073', '-2.697713375']","['-1.883885145', '-1.961727858', '-2.229448318', '-2.441969633', '-2.71066308', '-1.728679419', '-2.108129978', '-1.572995067', '-2.061644554', '-2.383189917', '-2.622284174', '-2.452511787', '-2.731092453', '-2.875761747', '-2.439881325', '-2.603012323', '-2.450235128', '-2.280469894', '-2.989447355']"
1006,"['-2.705836058', '-2.545333147', '-3.369867802', '-3.895692348', '-3.584705114', '-0.7830993533', '-1.663727403', '-2.534866095', '-1.873875141', '-2.558340788', '-2.907617331', '-3.497819662', '-3.215762377', '-2.962524891', '-0.6924750805', '-1.106182456', '-1.680223227', '-2.253428698', '-2.373682499']","['-4.617220879', '-4.267560482', '-5.129873753', '-5.313883305', '-5.523296356', '-2.76318574', '-3.732342958', '-4.942760944', '-3.696120977', '-4.576374531', '-5.120126247', '-6.096968174', '-6.215017796', '-5.162685871', '-2.142180443', '-0.7320118546', '-1.83195281', '-3.126027346', '-2.888110638']","['1.354916453', '2.57008338', '1.951860547', '-0.03337386623', '2.021497488', '2.072170734', '0.8881770968', '-1.368210554', '2.332392216', '1.44848156', '-1.430813432', '2.17554903', '1.445228934', '-1.152342319', '0.06207717955', '1.416043162', '0.100421913', '-2.512819767', '-0.2345354408']","['0.002050432842', '0.7763445377', '-0.08032986522', '-0.8107017279', '-0.2379928827', '1.106345892', '-0.2649908364', '-2.036645412', '0.4710250795', '-0.4822954237', '-1.882880092', '-0.928620398', '-1.343669057', '-1.870222688', '-0.4374727011', '0.4116750956', '-0.6106670499', '-1.688508391', '-1.109423637']","['-1.976400375', '-2.480623722', '-2.170279026', '-2.483185768', '-2.16825223', '-1.426727295', '-2.318748713', '-2.725620985', '-2.003197908', '-2.535217047', '-3.169870138', '-2.562880516', '-2.78612566', '-3.212047338', '-2.052592754', '-0.7452561259', '-2.334525585', '-3.517230749', '-3.295098543']","['-2.057960272', '-3.158151388', '-3.688419104', '-3.686487675', '-4.932279587', '-0.2233168036', '-1.413040996', '-2.61428237', '-1.854232192', '-2.616119862', '-3.555336714', '-4.069745064', '-4.565811157', '-4.654184341', '-1.898299575', '-0.7470906377', '-1.691793919', '-2.362537622', '-3.107472658']"
1009,"['-0.241905719', '1.704645634', '0.9564802051', '-1.387030482', '-0.6105206013', '0.4900222719', '-0.5625272393', '-1.155605316', '1.503069997', '0.4424158633', '-1.121580005', '0.3928023577', '-0.7016209364', '-1.652331114', '-0.7507030368', '0.6872729659', '-0.4261642396', '-1.245602012', '-1.883442521']","['-1.717714548', '0.5767459869', '-0.6056093574', '-2.274477482', '-1.168160677', '-0.4615900815', '-1.528625846', '-1.345571876', '0.6388453841', '-0.2928661406', '-1.167769551', '0.357542187', '-0.2260547578', '-1.095887661', '-1.527417779', '-0.1851512939', '-0.9424870014', '-1.074827075', '-0.7025886774']","['-1.04133451', '-1.060840845', '-2.016174078', '-3.288582802', '-2.347923756', '-0.9721345305', '-1.062175989', '-1.025059223', '-0.7534812093', '-1.757184982', '-2.643375635', '-0.6183484793', '-2.225036383', '-3.555114985', '-1.762305737', '-1.540853143', '-2.02995801', '-2.26751852', '-2.388165712']","['-0.8715010285', '-0.8264047503', '-1.010533214', '-1.017772198', '-1.015884161', '-0.2445554584', '-0.2951706648', '0.03670259193', '0.2917188704', '0.0007139704539', '-0.5495296121', '0.4595805705', '-0.370108813', '-1.085683227', '-0.1424928457', '0.2594017684', '-0.2931990623', '-1.080519557', '-1.014040589']","['0.8406510949', '1.392014503', '0.6755942106', '-0.7921698689', '-0.6618942618', '1.076999187', '-0.2714458704', '-0.8803597093', '1.53016758', '0.1556050032', '-1.391011119', '-0.2313961238', '-0.9365699887', '-1.658161402', '-0.8957853317', '0.8429379463', '-0.4318842292', '-0.9920661449', '-1.45283258']","['-0.1112497672', '0.1181969494', '-0.255623728', '-0.6440855265', '-1.042969346', '-0.8044573069', '-1.39049685', '-0.8351938128', '-0.5565806031', '-1.117303491', '-1.155447245', '-1.650518179', '-1.631821871', '-1.275329471', '-1.515436649', '-0.7499527931', '-1.024033308', '-0.7807793617', '-1.767892838']"
1010,"['-3.659852982', '-2.175824642', '-2.926004887', '-3.331679821', '-2.824392796', '-2.784454823', '-3.626957417', '-4.466959', '-2.054199934', '-2.966379881', '-3.933892965', '-2.521278143', '-3.077982903', '-3.659820557', '-3.176451445', '-1.48690474', '-2.5546031', '-3.901572466', '-2.878709793']","['-0.5817326307', '-1.248001814', '-0.9690080881', '0.07943961024', '-1.326341152', '-1.343614578', '-0.5996669531', '-0.3400381804', '-0.7936486006', '-0.4168103337', '-0.3235332072', '-0.4795814753', '-0.06298416108', '0.05262869596', '-0.534627676', '-0.4779238701', '-0.1977196783', '-0.766031146', '-0.4935898483']","['-1.065731406', '-0.6383857727', '-0.9184473157', '-0.9617773294', '-1.10748291', '-2.234240055', '-2.192525625', '-3.052476406', '-0.5023506284', '-0.9945531487', '-2.214415789', '-0.09785746783', '-0.708774507', '-2.004803419', '-2.433470249', '-1.273551822', '-1.884076357', '-2.816872835', '-2.137979269']","['1.953208447', '2.504112244', '3.272009611', '3.566933393', '2.558159351', '0.151674822', '0.8634339571', '2.356953144', '2.718804598', '3.222514153', '3.028523445', '3.645208836', '3.919074774', '2.836007833', '2.11116147', '2.817760229', '3.262560129', '2.500624418', '3.100604296']","['-4.052285671', '-4.928789139', '-5.460186481', '-5.312300682', '-5.526796818', '-4.020596504', '-5.10778904', '-5.605824471', '-4.554813385', '-5.558087349', '-5.790835857', '-5.022837162', '-5.499864578', '-5.60262537', '-4.655375481', '-3.114077568', '-4.629975319', '-5.098468304', '-5.155991554']","['-0.9934823513', '-3.779284477', '-3.692292929', '-1.954651594', '-3.672065973', '-2.66399169', '-2.108971119', '-0.667943418', '-3.21659565', '-3.127318621', '-1.605467916', '-3.232076883', '-3.030426502', '-1.865266204', '-3.278472424', '-3.574502468', '-3.498000145', '-2.441183567', '-3.286018848']"
1012,"['-0.9858173728', '-0.7256830335', '-1.435501456', '-1.003772616', '-1.888323545', '-0.8987924457', '-1.384312153', '-1.314363003', '-1.472483873', '-2.084292173', '-1.707373142', '-1.835043907', '-2.148860455', '-1.545069098', '-1.800226331', '-2.663256168', '-2.902063608', '-2.497848511', '-2.374634743']","['-1.0129987', '-0.07343000919', '-1.294056058', '-1.762716413', '-1.528532863', '0.8431638479', '-0.8072502017', '-1.595648766', '-0.003941576462', '-2.026394606', '-2.840494394', '-1.011129498', '-2.122885227', '-2.778471231', '-0.7820454836', '0.02173396572', '-2.036123037', '-2.914824486', '-2.049985647']","['-0.558088541', '0.3179217875', '-0.7428267598', '-1.235066295', '-0.6866354942', '0.8242934942', '-1.130121469', '-1.591068149', '-0.3058293164', '-1.808733344', '-2.136810303', '-1.058490396', '-1.925918341', '-2.462815523', '-1.342660546', '-0.8706855178', '-1.810418725', '-2.126039267', '-1.679640889']","['-0.2678177953', '0.5109792352', '-0.9420371652', '-2.169958591', '-0.686357975', '1.280824065', '-0.1044430956', '-1.046328664', '-0.06189348176', '-1.759763479', '-2.457726717', '-0.9026442766', '-2.008298397', '-3.079366446', '-0.007114465348', '0.3787416816', '-0.8741664886', '-1.622970343', '-1.216264367']","['-4.22347641', '-1.550989151', '-3.226522446', '-3.765475273', '-2.603214025', '-1.867382288', '-4.476170063', '-4.06173563', '-1.656425357', '-3.694081545', '-3.873592138', '-1.859070539', '-3.385484934', '-4.314524651', '-4.678709984', '-1.821547508', '-3.595587492', '-3.865808249', '-3.197131872']","['-0.7635781169', '-0.08912952244', '-1.155121565', '-2.1624403', '-1.99273622', '0.4054716527', '-1.593097568', '-2.418670416', '-0.419467479', '-2.317210197', '-3.39034462', '-1.71126461', '-2.719956398', '-3.385421515', '-1.976822019', '-0.4116827548', '-2.366934061', '-3.316805363', '-2.46356225']"
1013,"['-2.949808359', '-2.249218225', '-2.17462039', '-2.112027645', '-1.940394402', '-2.384479046', '-2.400294304', '-1.565936923', '-2.399031401', '-2.390256166', '-1.227443933', '-2.413535357', '-2.094710588', '-1.397795439', '-2.19964242', '-3.409331799', '-3.105019808', '-0.6729547381', '-2.752120495']","['-1.496675611', '-1.203767061', '-1.403170824', '-1.028010488', '-1.674309611', '-1.189068079', '-1.464741111', '-1.4062078', '-0.5712711811', '-1.285684347', '-1.491888404', '-0.985853672', '-1.496509433', '-1.245345473', '-2.392498016', '-1.203424096', '-2.11786437', '-2.484300375', '-1.943426132']","['-2.672061682', '-2.529660225', '-2.352922678', '-2.021620274', '-1.203783035', '-1.881920695', '-2.682925224', '-2.268448353', '-1.604428172', '-2.377520561', '-2.306375504', '-1.140106916', '-1.044355273', '-0.8891275525', '-3.30522728', '-2.160989761', '-2.904088497', '-1.971131206', '-1.789773703']","['-2.172727346', '-1.716478586', '-1.867879868', '-1.901325822', '-0.9213182926', '-1.028234243', '-1.841157913', '-2.080350637', '-0.7436636686', '-1.185356498', '-1.589643002', '-0.8155910969', '-0.3058993518', '-0.2268190384', '-2.236576796', '-1.08656013', '-0.9961426854', '-0.004913492594', '-0.4341131151']","['-1.793980002', '-2.515533686', '-2.762896538', '-1.893514872', '-3.164009809', '-1.164097071', '-2.007117748', '-1.4715271', '-1.698636413', '-2.117376566', '-1.356264949', '-2.275514364', '-2.031007767', '-1.002240062', '-2.029116392', '-1.06379056', '-1.06983006', '0.3103114367', '-0.647810638']","['-2.923192501', '-2.328137636', '-2.560914516', '-1.412301183', '-1.402078032', '-2.640244246', '-3.041648149', '-2.089590311', '-2.859023333', '-3.19928956', '-2.17631793', '-2.57812047', '-2.343330383', '-1.259989142', '-2.340561152', '-3.013525009', '-2.74921155', '-1.264911532', '-2.114796638']"
1015,"['-0.5582609177', '0.05328663066', '0.3768076599', '-0.02009381168', '-0.4663316905', '0.5465376973', '0.3339135349', '-0.4458553493', '0.03997116908', '0.8027508259', '0.226392746', '-0.7344346046', '-0.3774290979', '-0.2468852997', '-0.5232135653', '-0.9327848554', '-0.295504868', '-0.7301552892', '-0.7949487567']","['-0.6440700293', '-0.7381398678', '-1.311086774', '-1.859413028', '-1.306646585', '-2.123627901', '-1.906873703', '-1.646060586', '-2.944509745', '-2.602837086', '-2.508827686', '-3.29594183', '-2.872154713', '-2.443603754', '-1.679627061', '-3.765088081', '-3.08031106', '-2.599425554', '-3.333729744']","['0.6356265545', '1.126904249', '0.3678089678', '-1.367221117', '-0.6792555451', '0.4546781182', '-0.01904946566', '-1.46862936', '0.2689103186', '-0.5906489491', '-1.954759836', '-0.5860939622', '-1.609211922', '-2.319558859', '-1.031143904', '-0.2234998792', '-0.9460969567', '-1.873553276', '-1.112906098']","['0.4407374859', '0.9823178649', '0.3869519532', '-0.0219962243', '0.09934426844', '1.269957662', '1.148439288', '0.5257593989', '0.5100362301', '0.2077886909', '0.1490786672', '-0.2693616748', '-0.4429118931', '-0.2957662642', '0.9879875183', '0.7572166324', '0.7287884951', '0.106646724', '0.078462556']","['-1.598237395', '0.02120797709', '-1.160988688', '-0.8323318958', '-0.2182410061', '-0.3123275638', '-0.7141194344', '-0.9415986538', '-1.151966929', '-1.721009493', '-1.04217124', '-2.001654148', '-2.221375704', '-1.994554162', '-1.314350963', '-2.408972263', '-2.617096186', '-1.951871753', '-3.573211432']","['-0.800504148', '-0.5245015025', '-0.654805243', '-1.92048192', '-0.8388750553', '-1.892454267', '-1.557917118', '-2.184234619', '-1.283830047', '-1.16795361', '-2.043826818', '-1.255639672', '-1.384663939', '-1.963300228', '-2.15009141', '-2.405089378', '-1.93299365', '-2.192250252', '-1.807473898']"
1016,"['-3.12661624', '-2.289604187', '-2.521673441', '-2.679832935', '-1.514961839', '-2.288548946', '-3.079342604', '-3.328637123', '-1.707907319', '-2.401221275', '-3.346966505', '-0.8771458268', '-1.503729343', '-2.649990797', '-2.037701845', '-1.434087515', '-1.720308423', '-2.934176207', '-1.136478305']","['-3.679809332', '-3.229955912', '-3.358245611', '-3.334862471', '-2.63527751', '-2.148256779', '-3.025621176', '-3.637109041', '-2.067243338', '-2.456097126', '-3.446208477', '-2.028470278', '-2.147393465', '-3.194188118', '-2.415975332', '-1.374676824', '-1.361655354', '-3.533941031', '-0.9927870035']","['-2.055454731', '-1.610809922', '-1.140053391', '-0.3514629304', '-0.9403175116', '-2.894357681', '-3.190124035', '-2.803413391', '-2.23393631', '-1.724301934', '-0.8257508278', '-1.788659811', '-1.062972665', '-0.1578147411', '-3.567010641', '-1.9913342', '-1.814067245', '-1.70201993', '-0.928157866']","['-1.404044986', '-1.31671989', '-1.278881907', '-1.082173228', '-1.831325293', '-1.783565402', '-2.260639906', '-2.043295383', '-1.517698169', '-1.542151809', '-1.504957438', '-1.88201201', '-1.709056616', '-1.889065504', '-2.363652706', '-1.275405526', '-1.509769797', '-2.096247435', '-1.154128432']","['-1.720760107', '-1.174305677', '-1.950915217', '-2.121305704', '-3.07087636', '0.6190940142', '-0.6533231735', '-1.28260982', '0.2906337082', '-0.9944595695', '-2.005788088', '-1.176041126', '-2.196178436', '-2.93348074', '-0.4881018698', '1.065897465', '-0.8044887185', '-2.311550617', '-1.478525639']","['-2.408581495', '-1.949709058', '-2.198856592', '-1.837036967', '-2.654244184', '-2.458107948', '-3.305460691', '-2.832508564', '-2.063621521', '-2.75846982', '-2.817754269', '-2.423965216', '-2.710776329', '-3.420252562', '-3.16644454', '-2.069047213', '-2.698675871', '-3.284446955', '-2.693254471']"
1019,"['0.7031427026', '-0.02070200816', '0.4340591729', '1.122689366', '0.1190825328', '-0.218678847', '0.2960969806', '0.8765402436', '-0.5615281463', '-0.2013363093', '0.3012153208', '0.01769006997', '-0.1255075634', '0.1854823232', '0.5510901213', '-0.03830821812', '0.0796283856', '0.2519351244', '0.2618278563']","['0.3738143444', '-0.3678298891', '0.36829862', '1.285804868', '0.2147358805', '-0.3004143238', '-0.1839204133', '0.004593234975', '-0.4510234296', '-0.3280787766', '0.04030228406', '-0.1142845899', '-0.1475345194', '0.08662755042', '0.2144872397', '0.2253917158', '0.08938185126', '0.03524461389', '0.3102447391']","['-0.235152632', '-1.070001483', '0.1190979183', '1.37270999', '1.222702861', '-0.7858753204', '0.3624803126', '1.98329699', '-0.4400894642', '0.7779293656', '2.074422836', '1.026054502', '1.486017346', '2.04330802', '2.400244713', '1.739160419', '2.564105034', '3.200638771', '2.454431295']","['-0.3398321867', '-0.8988394737', '-0.8453624249', '-1.202076435', '-1.513272762', '-0.6450221539', '-0.7942727804', '-0.9094499946', '-1.356595159', '-1.651260495', '-2.004443407', '-2.219537497', '-2.086107016', '-2.362819195', '-1.185964823', '-1.348125577', '-1.713636279', '-1.861725926', '-1.971885324']","['-0.8287689686', '-1.731521606', '-0.5668568015', '0.4985432029', '-0.4676817656', '-2.252131462', '-0.6878199577', '1.296109796', '-1.803982735', '-0.3457055092', '0.6672208905', '-1.30025351', '-0.4177958965', '-0.280515641', '-0.4389811456', '-1.397531748', '-0.1368572414', '0.4098596275', '-0.2536264062']","['-0.02532470226', '-1.034828186', '0.1711878777', '1.435929775', '1.039658189', '-0.7558135986', '-0.09048783034', '1.488324642', '-1.115867972', '0.1868421137', '1.830354095', '0.1111790091', '0.9944873452', '1.740035415', '0.394584924', '-0.4962481856', '0.3894954324', '1.52533102', '0.8267053366']"
1021,"['-1.363920093', '0.1590935737', '-1.292086005', '-1.521322131', '-0.7803958058', '-0.7545621991', '-1.552370667', '-1.621399403', '-0.7244224548', '-1.496394753', '-1.691520691', '-1.396548152', '-1.623734593', '-1.383902788', '-2.018805742', '-2.219187975', '-2.385852098', '-2.220546722', '-3.042245626']","['-3.172275543', '-1.359981298', '-2.203932285', '-1.697005272', '-1.093365073', '-2.935825348', '-3.38458848', '-2.306967258', '-2.765185118', '-3.057411671', '-2.001654863', '-2.94817996', '-2.840200901', '-1.77520299', '-3.606743813', '-3.314726353', '-3.901036978', '-2.299433231', '-4.715782166']","['-1.634295225', '-0.5112398863', '-1.44287312', '-2.611260653', '-0.9055498838', '-1.946657658', '-1.906614423', '-2.113473892', '-2.157976627', '-2.914581299', '-2.702722549', '-1.914876699', '-2.814662695', '-2.697716951', '-1.67557919', '-2.743946314', '-3.071130753', '-2.418004513', '-3.484250307']","['0.4126627147', '2.543696642', '1.432817817', '0.9284152985', '2.536935806', '2.074864388', '1.178190589', '1.705192208', '2.167042017', '1.436789751', '1.418090343', '2.201148033', '1.773563385', '1.473385334', '0.7537145615', '0.3880132735', '0.2172908485', '1.462639332', '0.1300994158']","['-1.572973967', '-0.2236105353', '-1.123373508', '-1.623524189', '-0.07950055599', '-0.0806774348', '-1.793124318', '-3.252387047', '-0.359659642', '-1.783046842', '-3.334248781', '-0.5698368549', '-1.597993612', '-3.162513494', '-1.975101829', '-1.496195436', '-2.713526249', '-3.903214693', '-3.291180134']","['-0.1238501221', '0.5034213662', '0.06047399715', '-0.5669981241', '0.4752331674', '0.5761845708', '-0.08781050146', '-0.237097472', '0.44924438', '0.01852121204', '-0.6629654169', '0.1288610399', '0.04165606573', '-0.1846608073', '0.4837240875', '0.3177408278', '-0.1142369434', '-0.7407117486', '-0.4764008522']"
1242,"['-4.231334209', '-3.728776693', '-3.905957937', '-3.744826317', '-4.239562988', '-5.095383167', '-5.27172327', '-4.011156559', '-3.209895372', '-4.656085968', '-4.815694332', '-4.078678131', '-4.500847816', '-4.954174995', '-5.192267418', '-2.792148829', '-4.110156059', '-2.881689787', '-2.883452654']","['-2.701044798', '-2.626512766', '-2.767420053', '-2.269972086', '-2.376802921', '-2.902022123', '-3.028580427', '-2.3827672', '-1.944942594', '-2.574306965', '-2.666434288', '-1.447523594', '-1.530147195', '-1.965505242', '-2.210596085', '-1.10307765', '-1.567901731', '-1.832858086', '-0.3195281327']","['-0.9296619296', '-2.207660675', '-2.222590923', '-2.554320812', '-2.65068078', '-0.4499956965', '-0.6688495278', '-0.7029775381', '-2.126299381', '-2.179890394', '-1.983554482', '-2.322898149', '-2.351335526', '-2.505338192', '-0.1734887064', '-1.051304698', '-1.089747667', '-0.6837669611', '-1.322598577']","['-0.7428599596', '-1.591880798', '-1.71314764', '-2.071106434', '-1.728002548', '-1.348282933', '-1.847140789', '-2.147247553', '-2.243678093', '-2.491831064', '-2.273682356', '-1.818679094', '-2.100616455', '-1.84204793', '-2.399808884', '-2.295097351', '-2.031461', '-0.8830439448', '-1.56347239']","['-2.801815033', '-2.67750001', '-2.717198372', '-3.191151381', '-3.088185549', '-2.751479864', '-3.576455116', '-2.529116392', '-2.787556648', '-3.351240635', '-2.933493376', '-3.445399761', '-3.229554415', '-3.53666544', '-3.923939466', '-2.625876665', '-3.603302956', '-1.821516633', '-3.16186142']","['-0.4006412923', '-0.6145651937', '-0.3068364561', '-0.2927531004', '0.1166364923', '0.7969782352', '1.39508152', '0.7684290409', '0.7519907355', '1.401859879', '0.4104444087', '0.5478832722', '0.9296885133', '-0.02611279115', '1.346914291', '0.6851380467', '1.063828826', '-0.3956336975', '0.2318958938']"
1243,"['0.006799682043', '-1.899685502', '-0.7924301028', '0.4789703488', '-2.169886351', '-1.678582311', '-0.5137147903', '0.4789504707', '-1.123895168', '-0.7193215489', '-0.04041625559', '-1.12962091', '-1.402081728', '-1.439193726', '-0.9913712144', '-0.659247458', '-0.4661347866', '-0.7150512338', '-0.04834416881']","['-2.096042633', '-3.040734768', '-2.598710299', '-1.362815142', '-4.01350975', '-2.665041447', '-2.092220545', '-0.6423643231', '-3.529162407', '-3.192772388', '-2.168345451', '-3.898221254', '-3.789750338', '-3.398157597', '-1.998235106', '-3.390969038', '-3.30031395', '-2.975024223', '-3.84966588']","['-0.2765021026', '-1.978898406', '-0.6541173458', '-0.171550706', '-0.9880665541', '-1.063187122', '-0.8046008945', '-0.4705647826', '-1.408009887', '-0.6371716261', '-0.1353093535', '-0.666023314', '-0.11349684', '0.1336557716', '-0.9696901441', '-0.3665008247', '-0.08217465132', '0.1590892673', '0.8197106123']","['-0.2136643082', '-0.1607800275', '0.2865796983', '0.1861881614', '-0.08488032967', '-1.090567708', '-1.228089333', '-1.090958476', '-1.447562814', '-0.9189585447', '-0.5495488644', '-1.156362772', '-0.6036310196', '0.1675587445', '-2.055920601', '-2.282363653', '-1.814047217', '-1.838165522', '-1.295804977']","['0.4032722414', '-0.3365583718', '0.5074059963', '1.147991776', '-0.1497265995', '-2.467886925', '-0.939119935', '0.3596383929', '-2.105983257', '-1.266652942', '0.2547725439', '-1.594054341', '-2.064783335', '-0.8613716364', '-1.823122621', '-3.516785622', '-2.844085932', '-1.730602264', '-3.377392769']","['-2.478731394', '-2.327229738', '-1.890597463', '-2.088576555', '-1.994544029', '-2.604857445', '-2.589843512', '-1.304100156', '-2.607077599', '-2.544222832', '-1.900217891', '-1.753249288', '-2.27458477', '-2.357393265', '-2.595396042', '-2.53763032', '-3.309497356', '-2.500194311', '-2.756440401']"
1244,"['-1.160113931', '-2.614763975', '-2.353422642', '-2.14837265', '-1.933859468', '-2.774262667', '-2.325573921', '-1.540576816', '-3.844461679', '-3.192626476', '-2.269308805', '-2.33225584', '-2.141313553', '-1.935916185', '-3.273830414', '-3.27290225', '-3.00441432', '-1.994585872', '-1.320343256']","['-1.635305047', '-1.78052032', '-1.39525795', '-0.09757284075', '-0.6891735196', '-3.495056868', '-2.901163816', '-1.197993517', '-3.328548908', '-3.386193037', '-2.027966738', '-1.778254271', '-2.029555082', '-1.818332076', '-3.149276733', '-3.114266872', '-3.123127699', '-1.666616559', '-1.680364966']","['0.4056093395', '0.03780308738', '0.4119670987', '0.3590746522', '0.7738155127', '-0.448014468', '-0.3505949974', '-0.7014249563', '-0.1935970783', '-0.4983837605', '-0.9144611955', '0.3398065567', '0.07696028054', '-0.5107625723', '-0.2908558547', '0.6887457371', '-0.1681389511', '-1.486328959', '0.6506688595']","['-0.1067556217', '-0.2164123505', '-0.05724513903', '-0.1666217595', '0.4707860351', '-0.5610588789', '-0.07180499285', '0.2978561819', '-1.013147831', '-1.063781977', '-1.008929014', '-0.3023997247', '-0.4970003068', '-0.8491893411', '-0.6349002719', '-1.192635298', '-1.30644691', '-0.4841172397', '-0.5269856453']","['-0.2172819078', '-0.6826182604', '-0.1378730536', '0.6222835779', '0.1467469484', '-1.041055322', '-0.9678964019', '-0.05961706117', '-0.7127434015', '-0.7262527943', '-0.02436735108', '-0.9159657359', '-0.7568061948', '-0.2070881873', '-2.164420605', '-1.747468948', '-1.870441794', '-0.8478330374', '-1.940741181']","['0.6838532686', '-0.4518018961', '-0.4229317009', '0.1551930457', '-0.2050982863', '-0.5146895051', '0.4509133995', '1.511991262', '-0.9013468027', '-0.8096838593', '-0.4721148312', '-0.3810676038', '-0.9893089533', '-1.70434773', '-0.8032690883', '-1.140149117', '-1.054929018', '-0.7101792693', '-0.475939393']"
1248,"['-1.541203141', '-0.4331880808', '-1.21712923', '-1.12921381', '0.09425761551', '-1.400132179', '-1.499601603', '-1.445257783', '-1.101072073', '-1.028812051', '-1.344696283', '-0.385101229', '-0.3058688641', '-0.3178325593', '-0.7147779465', '-0.8317791224', '-0.4194796681', '-0.9483983517', '-0.4047941566']","['-1.883639574', '-2.193256617', '-1.931916237', '-2.370482922', '-2.329820156', '-1.638510823', '-1.540169477', '-1.057927251', '-2.077681303', '-1.716256857', '-1.240515351', '-2.28523016', '-1.933135271', '-1.650899172', '-0.4223616719', '-1.22431469', '-1.079763412', '-0.6888754964', '-1.886917353']","['-2.053219795', '-1.234179139', '-0.9055485725', '-1.474176407', '-0.6957901716', '-2.777844191', '-2.918293715', '-2.146464348', '-1.974604726', '-1.679941297', '-1.715038776', '-1.196457624', '-1.055688262', '-1.671820879', '-3.021840811', '-1.416110992', '-1.223888874', '-1.168024063', '-1.163112998']","['-1.625399947', '-1.279476762', '-0.7455894351', '-0.9977295995', '-0.6487296224', '-1.486790657', '-2.003577948', '-2.120181084', '-0.8131710887', '-0.7050566077', '-1.025800824', '-1.511014581', '-0.7191811204', '-1.000242591', '-2.30041337', '-0.4724291861', '-0.6269133091', '-0.8300584555', '-0.7459027171']","['-2.719710588', '-2.394490242', '-2.83415556', '-2.961590767', '-1.803259015', '-2.058596611', '-2.066360235', '-2.167826414', '-2.026066065', '-2.009353876', '-2.080751419', '-2.023262024', '-1.608864069', '-1.299149513', '-1.528412223', '-1.797683716', '-1.444011211', '-1.222642422', '-2.156959772']","['-1.773456454', '-1.949838877', '-2.247761726', '-1.91193974', '-0.9387397766', '-0.9285818338', '-1.075929165', '-1.618832707', '-1.42327404', '-1.206183434', '-0.9409573674', '-1.114677787', '-0.6025758386', '0.206483379', '-0.3989422917', '-1.404209137', '-0.715926528', '-0.4351474643', '-0.6645027399']"
1249,"['0.7614005208', '-0.5285848379', '0.1375169009', '1.855773926', '0.5949009061', '-1.110569715', '-0.1422472745', '1.533911943', '-0.8999354839', '0.0228238795', '1.484884739', '0.5408092737', '1.093901634', '1.376228571', '-0.1106593087', '-0.3033769727', '0.70962888', '1.815359354', '2.069284201']","['-0.3203328848', '-1.016805649', '-0.5848634839', '0.7336311936', '-0.2808181942', '-0.9555320144', '-1.287632346', '-0.8768458962', '-0.7386390567', '-0.5914962888', '0.08802523464', '0.1618521959', '0.1305493116', '0.5460040569', '-1.824926138', '-0.5240448117', '-0.6381756663', '-0.6034384966', '0.1380437165']","['-0.4148694277', '-0.1590157598', '0.03121702746', '0.1274010241', '1.547289968', '-0.7660889626', '-1.388180733', '-1.93078053', '0.102926515', '0.1185365543', '0.03718549386', '1.422191024', '1.688957214', '1.619138122', '-1.721296906', '0.09772755951', '0.008958896622', '-0.440318048', '1.028468132']","['0.02827304043', '-0.8698026538', '-0.3974333704', '-0.0175231155', '0.4718850553', '-1.159659982', '-1.679730654', '-1.903159261', '-0.511433959', '-0.3684713244', '0.1282570809', '0.7631618977', '1.238015175', '1.655664682', '-2.164521694', '-0.07082568109', '-0.2104269117', '0.3196260631', '0.9765885472']","['-1.250193715', '-2.188657999', '-2.041056156', '-1.601063251', '-2.211779833', '-2.730500698', '-3.399260283', '-3.537834167', '-1.880117297', '-2.23881197', '-2.592628241', '-0.678157568', '-0.9186476469', '-1.344614744', '-4.003544807', '-1.038303018', '-1.707357645', '-3.020817757', '-0.8516937494']","['0.6979187727', '-0.7423970699', '-0.6350556612', '-0.6485788822', '-0.7534692287', '-1.832288623', '-1.734459639', '-1.873735309', '-0.7043441534', '-1.262099266', '-2.11984086', '0.3974064589', '-0.3840972483', '-1.785412669', '-3.239729166', '-0.02331102453', '-0.9960367084', '-2.417129517', '-0.4513175189']"
1251,"['-0.3524348736', '-0.6443575025', '-1.180274963', '-1.087159157', '-1.741888881', '-1.964052677', '-1.682027578', '-1.699771404', '-2.57446146', '-2.152334452', '-1.378603101', '-2.427637577', '-2.042525291', '-0.8714622855', '-1.712637901', '-2.823165894', '-1.903300047', '-0.9772469401', '-1.527536511']","['-0.5037273765', '0.2448569238', '-0.3380556703', '-0.8652483821', '-0.4992590845', '-0.001127864583', '-0.6750398278', '-0.6216676235', '0.06623198837', '0.1468917727', '0.03446345031', '-0.4047854841', '-0.2315554768', '-0.009481626563', '-1.071334362', '-0.6055673361', '-0.3550294936', '-0.06300856918', '-0.22202079']","['0.5517520308', '0.04524354637', '0.124567993', '-0.1993658841', '-0.1769798845', '-1.73597455', '-1.455037236', '-1.122523308', '-1.757020235', '-1.988209248', '-1.591281056', '-2.026772499', '-2.242224216', '-1.906155467', '-2.608734608', '-2.14873147', '-2.467901945', '-1.480080485', '-2.390820026']","['2.032973766', '2.160952568', '2.321448326', '1.916506171', '2.077998161', '-0.2113249004', '-0.286283344', '0.6042323112', '0.2656891942', '0.3727746904', '0.9340096712', '0.6202167273', '0.6469494104', '0.7716307044', '-1.074428797', '-0.7306194901', '-0.07201141119', '0.9371867776', '0.7410351038']","['-1.8861413', '-1.201044321', '-1.860215425', '-2.243640661', '-1.833327889', '-3.472126007', '-3.061086178', '-2.991215467', '-3.168924332', '-2.519344091', '-2.455263376', '-2.547535181', '-2.274362803', '-2.279855251', '-4.307212353', '-3.652000427', '-3.24869442', '-2.684596777', '-2.179671764']","['1.601437211', '1.986696005', '1.750298858', '1.662167072', '2.158830404', '0.05074352399', '-0.2308220565', '0.4186368585', '-0.08225215971', '-0.1493459195', '0.3635493517', '0.6422223449', '0.5478181839', '0.8420574069', '-1.100524664', '-1.088085413', '-0.5962085128', '0.6493685246', '0.8036652803']"
1255,"['-0.7999904156', '0.04236561432', '0.0289040748', '0.4422083199', '0.2785094678', '-3.159068584', '-1.939172149', '-1.079158306', '-1.484216094', '-1.434016228', '-0.8172571659', '-0.9515555501', '-1.106523871', '-1.019351721', '-2.656963587', '-2.609339237', '-2.72778368', '-2.088147163', '-2.15497613']","['-1.565156341', '-0.8482851386', '-1.754854441', '-0.9691334963', '-1.685028791', '-3.5239079', '-2.894469976', '-1.988343477', '-2.315151215', '-2.7609272', '-1.904702425', '-1.659525394', '-1.913276196', '-1.58254087', '-3.682906151', '-3.072369576', '-2.874847412', '-2.272350073', '-2.14659524']","['-2.821828127', '-1.561173916', '-1.526225448', '-1.344691873', '-0.6468661427', '-3.525537968', '-2.704499245', '-1.340242863', '-1.745030522', '-1.047129154', '0.09064338356', '-0.2933484018', '-0.06840214133', '-0.1688244343', '-2.562615871', '-2.286894083', '-1.189200401', '0.2582839429', '-0.6260530949']","['-1.744596481', '-3.115071535', '-3.232905388', '-2.668880463', '-2.172133684', '-2.232457876', '-1.323950291', '-1.233384967', '-1.640419841', '-1.12973547', '-1.276269913', '-0.4020553231', '-0.2372721285', '-0.4097271562', '-1.859248161', '-1.009408712', '-0.4206109345', '-0.7792372704', '0.2963529229']","['-1.189336658', '-1.240476251', '-1.754925489', '-1.831858993', '-1.41783309', '-2.726365328', '-2.112043381', '-2.1337955', '-1.672757506', '-1.614222527', '-1.661839724', '-0.4714884162', '-0.8003462553', '-1.403482437', '-1.918882132', '-1.889937282', '-1.102371216', '-1.003284454', '-0.9741100669']","['1.128905416', '0.3091803193', '-0.1747583449', '-0.4250518084', '-0.3552857935', '-0.2548700273', '-0.358215332', '-1.253706932', '-0.457559824', '-1.116006613', '-1.458893895', '-0.1811499298', '-0.6179770231', '-1.070953131', '-1.195014715', '-0.2865415215', '-0.508513093', '-1.042793274', '-0.3918302357']"
1276,"['-2.044369459', '-2.992671251', '-2.699564695', '-2.871375322', '-3.464167833', '-2.644430876', '-2.566953659', '-2.764124393', '-2.789143801', '-2.543615103', '-2.95291996', '-2.818627119', '-2.543601751', '-2.760179996', '-2.322388887', '-2.25369525', '-1.929506421', '-2.17292285', '-1.715679765']","['-1.427736998', '-1.755596399', '-1.324705601', '-1.432831883', '-1.628991961', '-1.690996528', '-1.650499225', '-1.502389193', '-1.489345551', '-1.230861068', '-1.402032018', '-1.439573884', '-1.267519474', '-1.360944867', '-1.864015698', '-2.077753305', '-1.777933002', '-1.248486042', '-1.269324064']","['-1.451366186', '-1.782378078', '-1.499103785', '-0.6591389179', '-1.579535365', '-1.677536964', '-1.451468706', '-1.03086853', '-1.357520342', '-1.018433094', '-0.3709554374', '-0.9675109386', '-0.8982442021', '-0.4303838611', '-1.132539749', '-0.7357754707', '-0.2843963206', '0.08471131325', '0.04583396763']","['-2.006069899', '-2.411714315', '-2.089188099', '-2.400896072', '-2.025674105', '-1.845327735', '-1.529677749', '-1.658732653', '-1.890028', '-1.533192277', '-1.808590531', '-1.566732764', '-1.592257142', '-1.648377061', '-1.385530353', '-1.364174366', '-1.052324653', '-0.8003384471', '-0.8893785477']","['0.3857114911', '-0.01533499546', '0.2009004503', '0.0698941499', '-0.2810649276', '-0.3606234789', '0.02828955464', '0.5585616231', '-0.3815645874', '0.09283638', '-0.001449895208', '-0.3641683459', '-0.1555748284', '-0.3151502013', '-0.3070325553', '-1.528474331', '-0.5587071776', '-0.4352403283', '-0.7930158973']","['-2.969972372', '-3.807082653', '-2.896420479', '-2.695422411', '-2.8592031', '-3.013003826', '-3.273766279', '-3.575960875', '-3.186886072', '-2.984874249', '-3.456580162', '-3.225217819', '-2.689766407', '-2.681918621', '-3.894366741', '-2.995457649', '-3.373354197', '-4.020739079', '-3.260843277']"
1286,"['0.6128935814', '-2.074342728', '-1.519551158', '-0.2097320557', '-2.493197203', '-1.870860457', '-1.719914675', '-1.317019105', '-3.995129108', '-2.774816275', '-0.5783948898', '-4.360227108', '-2.850566864', '0.2248166203', '-2.641219616', '-4.142250061', '-2.848736763', '0.5632967949', '-2.077190876']","['0.3200102448', '-0.7706830502', '-1.440398812', '-1.305512667', '-2.229531288', '0.4270094633', '-0.3616882265', '-0.6467203498', '-1.497524381', '-1.531922221', '-0.5420370102', '-2.581626177', '-2.166725636', '-0.9178686142', '-2.454309225', '-2.56423521', '-2.395551443', '-0.2442691177', '-2.304010391']","['-0.9028900266', '-2.196210623', '-1.884834051', '-0.8583400249', '-2.384468555', '-3.690795183', '-2.51339221', '-0.6609856486', '-2.736917734', '-2.057498932', '-0.8036843538', '-2.155050993', '-1.856611729', '0.08572111279', '-2.571722746', '-3.053682566', '-2.266202927', '-0.2955617607', '-1.939415455']","['-0.1638870239', '-1.692115188', '-1.949630976', '-1.44995904', '-2.105256081', '-0.5822110176', '-0.484365195', '-0.05824966729', '-1.621863842', '-1.42952466', '-1.085202336', '-2.027926207', '-2.184571981', '-1.651565313', '0.06543519348', '-1.17779088', '-0.6714193225', '0.4977533817', '-1.537311316']","['-3.288634062', '-4.229374886', '-3.621092558', '-3.23402524', '-3.101187468', '-3.941411495', '-3.833054543', '-3.480586767', '-4.34765625', '-3.489859104', '-2.674345255', '-3.721935987', '-2.333148003', '-0.4111026227', '-3.528780222', '-3.752928734', '-2.982530117', '-1.674742341', '-1.558738112']","['-2.948016167', '-4.0184865', '-3.980556011', '-3.45463419', '-4.247813702', '-3.155556679', '-3.234535217', '-2.608990431', '-4.418520927', '-3.573507786', '-2.318364143', '-4.886929035', '-3.467037439', '-1.507613897', '-3.405770779', '-4.526829243', '-3.529907942', '-1.076122999', '-3.167675257']"
1294,"['-0.4920840263', '-0.4255000651', '-0.2741154134', '-0.8750596642', '-0.3962616324', '-0.8671123981', '-1.06562078', '-0.9395881295', '0.116874069', '-0.0931956619', '-0.02899507992', '0.08548855782', '-0.1271511465', '-0.161681354', '-1.127222538', '0.5699229836', '-0.3450005949', '0.1724704057', '-0.4372326434']","['0.8964008093', '-0.5786235929', '0.06114922091', '0.2949564457', '-0.2344043702', '0.01152645703', '1.24961102', '1.02493453', '0.2179969847', '0.7664824724', '0.591065526', '-0.219794631', '0.1816937029', '0.5932082534', '0.07514450699', '0.4910874367', '0.09515011311', '0.2616880238', '0.4004503787']","['-0.1212624013', '-0.05540326983', '-0.5145299435', '-2.390409231', '-1.86582005', '0.2104671001', '0.2413851023', '-1.534340858', '0.5633926392', '0.1686541736', '-3.132352591', '-0.5109086037', '-1.932986259', '-3.998203278', '-1.288490534', '0.4779363573', '-0.8336657286', '-4.098064423', '-1.529815435']","['0.5762294531', '1.53702271', '0.6380089521', '0.1894122362', '0.1487939209', '0.6428589821', '0.8200436234', '1.154541016', '1.194305778', '0.6796732545', '0.0822487101', '-0.666492641', '-0.6361411214', '-0.8746692538', '1.573793411', '0.8291475773', '0.6949104071', '-0.4832665026', '-1.271158218']","['1.396623254', '-0.4885666072', '0.1062545776', '0.5086230636', '-0.06414236128', '0.5487103462', '2.138670921', '-0.2870618701', '0.5681988597', '1.642386436', '0.3985975981', '-1.373036504', '-0.1282455474', '0.6015681028', '1.931786776', '1.596808434', '1.324959874', '-0.3516846001', '-0.4074774683']","['-0.05321234092', '-0.2174063176', '-0.3280188441', '-1.2654351', '-0.9634586573', '0.7166304588', '0.7333171964', '0.1233746558', '0.5575398803', '0.8431777358', '-0.3632482588', '-0.6729821563', '-0.2980211377', '-0.6988094449', '0.7307652235', '0.9619833827', '0.4029237628', '-0.9611908793', '-0.4111429155']"
1301,"['-1.784675956', '-1.577834845', '-0.9213499427', '0.473603785', '-0.174666062', '-1.251456141', '-1.551224709', '-1.055629134', '-0.6049981117', '-0.2337023914', '1.063186288', '-0.8420997262', '-0.1927499175', '0.6726868153', '-1.607999086', '-0.7389999628', '-0.4285662472', '0.7684586048', '-0.9985367656']","['0.01163458917', '-1.143559575', '-1.764098763', '-1.990752459', '-2.151343107', '0.2259854078', '0.7453967929', '-0.8480507731', '-0.4470092356', '-1.137306094', '-2.110650301', '-1.258670807', '-1.483384609', '-1.679828763', '0.3232086599', '-0.3852130473', '-0.9547256827', '-1.949529171', '-1.105475068']","['-2.008779764', '-0.7667280436', '-0.252995342', '0.5208957195', '0.8402820826', '-1.880203843', '-2.522542953', '-1.046652317', '-1.027987242', '-0.4571907222', '0.08180978149', '1.188946128', '1.887794852', '0.5333235264', '-1.872989535', '-1.036446691', '-0.3645202219', '0.09279544652', '2.103302717']","['1.171958685', '1.301009655', '1.080731988', '1.06406641', '0.5934659839', '-0.01346085686', '1.415142298', '1.367531657', '0.06332919747', '0.7165905237', '0.4335672855', '0.2298375815', '-0.4837769568', '0.3594889343', '0.9559115767', '-0.7685971856', '-0.3242897093', '-0.3958997726', '-1.829443932']","['-0.9684743881', '-1.064202428', '-2.893187761', '-3.561809063', '-3.736384392', '0.7017838359', '0.5889128447', '-1.725534081', '0.2417380959', '-1.422683954', '-2.932410717', '-1.845000863', '-3.305618048', '-2.871181488', '0.7693631649', '0.3378421068', '-0.1189620644', '-0.9870254397', '-2.048881054']","['-1.488447905', '-2.393366814', '-2.788763046', '-1.620230079', '-3.030156851', '-1.048151135', '-1.450422406', '-1.991484404', '-1.632300735', '-2.458791971', '-2.055347919', '-2.835293531', '-3.266809464', '-1.877310395', '-1.377793312', '-1.484092712', '-2.019210577', '-1.96882081', '-3.10210681']"
1302,"['-1.933256626', '-2.978992701', '-2.050648928', '-1.574563742', '-2.844932556', '-2.723557234', '-2.403798819', '-1.49019146', '-2.574209213', '-2.674653292', '-1.938707232', '-2.551226616', '-2.87610054', '-2.891474485', '-2.112459898', '-2.655245304', '-2.590820312', '-1.775047183', '-2.980121613']","['-1.78390348', '-4.239865303', '-1.354104757', '0.7612842321', '-0.5565568805', '-2.841006517', '-1.282749891', '0.1417019516', '-2.765585661', '-1.032018661', '-0.2624270022', '-1.888566375', '-0.5143623948', '-1.069177151', '-0.890881598', '-2.016792059', '-1.125252366', '-1.015790105', '-1.009952426']","['-1.669936419', '-2.666910648', '-1.617298722', '-0.6186376214', '-1.783490777', '-2.110919952', '-1.403887987', '-0.8774333596', '-2.140077591', '-1.587179184', '-1.40385747', '-2.349592686', '-1.796593189', '-2.206186056', '-0.9920685887', '-0.9883282781', '-1.383430004', '-1.839942217', '-1.531753659']","['0.7933184505', '-0.3090916276', '0.9064878821', '1.307733655', '2.33206749', '0.5651584268', '1.621714592', '1.893364072', '-0.3364957571', '1.191824675', '1.491186976', '0.3426453173', '1.75106895', '1.835000873', '1.924066067', '0.2446218133', '1.60618782', '1.785351634', '2.067539215']","['-1.655715466', '-3.034669399', '-1.961142659', '-1.298220634', '-2.064611912', '-1.854308605', '-0.9178168774', '-0.7942430377', '-2.548089504', '-1.481013536', '-1.184264302', '-3.015022039', '-2.207589388', '-2.495166779', '-0.0507744737', '-1.408771157', '-1.271594286', '-1.619529963', '-2.755907536']","['-0.7922622561', '-1.489596009', '-1.369417548', '-0.8137868047', '-1.743469', '-1.464928269', '-2.06608963', '-1.481233239', '-2.177791834', '-2.465651274', '-1.688255906', '-2.449678183', '-2.52661705', '-2.39296937', '-2.380383253', '-2.464548349', '-2.727248669', '-1.694439292', '-2.614101171']"
1303,"['-1.165949464', '-0.02393843792', '-0.9455761313', '-3.457657576', '-0.91104877', '-0.8765625358', '-1.539118648', '-2.860532522', '-1.685695291', '-1.249185085', '-2.581083298', '-1.467103839', '-0.7916089296', '-1.891699672', '-1.890981793', '-2.788081646', '-2.074635744', '-1.847374201', '-1.657537341']","['-0.9471399784', '-1.603808165', '-0.9472637177', '-1.936090112', '-1.109712243', '-1.429985642', '-1.035578847', '-1.298376083', '-2.12996459', '-1.13941443', '-2.32419467', '-2.004725933', '-1.605657816', '-2.862312794', '-1.609455943', '-1.943364382', '-1.738421559', '-2.116060257', '-2.025661945']","['-0.8543792963', '-1.766423345', '-1.496875882', '-4.294773579', '-2.91412735', '-1.19256711', '-1.648302674', '-3.015842676', '-2.845359802', '-2.576523781', '-4.620479584', '-3.94364953', '-4.101110935', '-5.135181904', '-3.7030375', '-3.880115032', '-3.939758301', '-4.447343349', '-3.993925333']","['2.237964869', '1.340060115', '1.879008651', '1.208600879', '0.6382684112', '2.059782028', '2.326093912', '0.2056951672', '0.494610548', '1.948134422', '0.7415977716', '0.6120161414', '2.209483862', '1.341982365', '1.707605958', '0.1880728453', '1.32294786', '0.5229491591', '1.80418241']","['-0.2154925913', '0.4205924273', '-0.3297807872', '-3.211628199', '-1.129713416', '-1.48677516', '-1.699384332', '-2.184623003', '-1.557512641', '-1.865310192', '-3.334695101', '-1.629817963', '-1.98903966', '-3.639820576', '-3.841786385', '-3.43693614', '-3.523967266', '-3.153702974', '-2.966480017']","['3.268901825', '1.513216734', '1.795969725', '-0.487303853', '-0.7039868236', '2.84069252', '3.369575739', '-0.6614949703', '1.459026456', '2.454709291', '-0.2796369791', '0.1132200807', '1.081290603', '-0.3534586132', '0.5339597464', '0.03653220832', '0.3131416738', '-1.717086315', '0.2932199538']"
3116,"['-3.394851446', '-2.800611019', '-3.018419266', '-2.654808044', '-2.543703556', '-2.419217587', '-2.057090044', '-1.904821515', '-2.735881805', '-2.323071957', '-1.662659168', '-3.072190046', '-2.99189353', '-2.018579483', '-2.679073095', '-2.887016773', '-3.057655096', '-2.28148675', '-3.800538778']","['0.4710803628', '-0.8991042972', '-0.3643036783', '-0.3999476433', '-1.521252513', '0.3727084994', '0.03602920845', '-0.104548797', '-1.005019546', '-0.3873462677', '-0.02132393979', '-2.391826391', '-1.519623876', '-0.2825560272', '-0.5013445616', '-0.7430959344', '-0.6124984026', '-0.317772001', '-1.031338453']","['-1.380584002', '-1.562986255', '-1.258722425', '-1.565356255', '-2.378680229', '-1.435491443', '-1.072768927', '-0.8960589767', '-1.496789694', '-0.9034218192', '-0.9237756729', '-2.412057161', '-2.042873383', '-1.576023579', '-1.929583669', '-1.754432201', '-2.165193558', '-1.766988754', '-2.63814044']","['-0.05570438132', '0.3314071', '0.2024383545', '0.1882302463', '0.2495395988', '0.7846387625', '0.5544333458', '0.4369878769', '1.040943027', '1.015972614', '0.5114348531', '0.2894235849', '0.6748423576', '0.3351520896', '0.3149008751', '0.6165485978', '0.5510038137', '0.2554119825', '0.4453009367']","['-3.120187759', '-2.884209871', '-3.147205353', '-3.927559614', '-4.024281979', '-3.081308126', '-2.514566183', '-1.579792142', '-4.264744759', '-3.381332636', '-2.037855148', '-5.275278568', '-4.593410969', '-2.526121855', '-2.083525658', '-4.12372303', '-3.169514894', '-1.056293964', '-4.110865593']","['0.005269187037', '2.027493715', '1.521987557', '0.7036203742', '1.2783494', '-0.6422613263', '-0.5322138667', '-0.3739870787', '0.5939987898', '-0.03039282933', '-0.1996729374', '0.7395415902', '0.4028963149', '0.1712366045', '-0.5166618824', '-0.1268681735', '-0.2396310717', '-0.3678884208', '0.5296638012']"
3122,"['0.3040450215', '1.051863551', '0.3434138596', '-0.9529623985', '-0.03569331393', '0.8948091865', '-0.1111972779', '-1.794949174', '0.7345924973', '-0.1400701404', '-1.723155379', '0.2830151618', '-0.131434083', '-1.225353837', '-0.7284564972', '0.5120612383', '-0.4559172094', '-1.692264915', '0.120020546']","['-1.447788954', '-1.292898059', '-1.717231393', '-1.658093929', '-2.173259258', '-0.5394327044', '-0.7415362597', '-0.8175043464', '-0.2090168893', '-0.7622903585', '-1.716654301', '-0.2306547761', '-1.068866014', '-2.230364799', '-0.9410315156', '0.2094290406', '-0.488953203', '-2.326772451', '-0.5279288888']","['5.840132713', '4.506712914', '5.073622227', '5.338454723', '4.162549973', '5.106650352', '5.388638496', '6.186434269', '4.117938995', '4.38398838', '4.895992756', '3.407801151', '3.765742302', '3.219735384', '5.220380306', '3.70668602', '3.777194023', '4.312659264', '2.909427404']","['1.240568995', '0.9032840729', '1.653162599', '2.113974333', '1.995072722', '1.053758144', '1.361166358', '2.466055393', '1.243773818', '1.663683176', '2.672233582', '1.282207012', '2.124355793', '2.928165197', '1.223335624', '1.348502874', '1.588214993', '2.503919363', '1.896169901']","['0.8534856439', '0.4163268209', '0.1251437962', '-1.225720167', '-1.529073358', '1.707542062', '1.106573343', '-0.8356547356', '1.193441987', '0.6535274386', '-1.190339684', '0.05425465479', '-0.3284529746', '-1.417819619', '1.396684289', '1.916568398', '1.016437531', '-0.9196953177', '-0.04970259964']","['-2.406438589', '-2.53347826', '-2.646639824', '-2.282824516', '-2.765686035', '-2.127210379', '-2.269347906', '-1.920671105', '-1.847394705', '-2.335758209', '-2.254116535', '-1.565984845', '-2.200891733', '-2.298786402', '-2.358642578', '-1.198106647', '-2.35564208', '-2.371335983', '-2.184873581']"
3125,"['-1.861601949', '-0.7045704722', '-1.915037274', '-3.399890661', '-1.791442156', '-1.604241133', '-3.151855707', '-4.657623768', '-1.421157479', '-2.44758153', '-3.711330175', '-1.208981037', '-1.723870039', '-2.657196283', '-3.084124565', '-2.334116697', '-2.670189142', '-2.310711861', '-2.293209076']","['2.374564648', '0.8395025134', '0.8773471713', '0.3373529911', '-0.293250829', '0.2221477628', '-0.4030399024', '-2.471929312', '-0.4658527076', '-0.6282507777', '-1.325266361', '-0.8755768538', '-0.6851891279', '-0.6999360323', '-1.486223459', '-1.24454844', '-0.8114584088', '-0.8324053884', '-0.3068928123']","['-3.792099237', '-2.634272099', '-3.209122419', '-1.968097925', '-3.045716286', '-2.787382364', '-2.604121923', '-1.997422099', '-2.183244705', '-2.373633146', '-1.212424994', '-3.172131538', '-3.051576376', '-0.8902652264', '-1.426881671', '-2.638008595', '-1.709131241', '-0.8209789395', '-2.622902393']","['-2.200440645', '-1.490894675', '-0.9212050438', '0.3251979053', '-0.3952293396', '-2.691520452', '-2.692934513', '-1.096404433', '-2.890459061', '-2.751754761', '0.1012072191', '-1.922054529', '-1.312342882', '0.8161714077', '-0.9484429359', '-2.670363665', '-1.589464068', '-0.119165048', '-0.9140050411']","['-1.364972949', '-0.9609271884', '-1.683433652', '-2.81759119', '-1.697398424', '-1.395677447', '-2.405624151', '-4.709180832', '-1.585919619', '-2.703961849', '-3.885238886', '-1.615479589', '-2.033006907', '-2.027806997', '-2.520217657', '-2.620517969', '-3.329276323', '-3.764363766', '-2.943959236']","['-1.308867216', '1.1793437', '1.313532114', '0.5486727953', '1.969110966', '-0.916590631', '-1.455991745', '0.08520082384', '-0.5392825007', '-0.4833334386', '0.51596874', '-0.01729853824', '0.4296345413', '0.7724590302', '-0.4824691117', '-1.043714285', '-0.5904608965', '0.4582823515', '-0.118560195']"
3140,"['-2.683644533', '-2.667373657', '-2.438335419', '-3.034012794', '-2.163574457', '-4.126333714', '-3.20338273', '-2.762139797', '-3.70942831', '-3.332572222', '-3.318733215', '-3.119577646', '-2.994692326', '-2.954879522', '-2.986887455', '-4.089390278', '-3.400185108', '-2.751651764', '-3.282880068']","['1.149261832', '0.7257029414', '0.8784767389', '-0.410122633', '1.055947661', '0.8845490813', '0.9282160401', '0.5215863585', '0.713783443', '1.110609055', '0.1598380953', '0.2869215608', '1.106317043', '0.3287704587', '0.3382177353', '0.9021309018', '1.316308975', '1.047124982', '1.437988162']","['-1.789705753', '-2.167806387', '-1.111126065', '-1.186507463', '-0.5158110261', '-2.700505257', '-1.39523375', '-0.3282821476', '-2.477964163', '-1.283405542', '-0.4451658428', '-1.881546617', '-0.8724458218', '-0.28526631', '-1.035726666', '-1.944613099', '-1.166215897', '-0.1310304403', '-1.183604956']","['-0.06296329945', '-0.5054164529', '0.254951179', '-0.4098839164', '0.3461473286', '-0.5609741211', '0.5967562795', '1.196119308', '-0.2286317796', '0.6021872163', '0.4677110612', '-0.2778980434', '0.3229373395', '0.01412553247', '0.4666282833', '0.1304686666', '0.6175484657', '0.9227389693', '0.1560868174']","['0.04455334693', '-1.13521862', '-0.4276411533', '-0.2011282742', '-1.219816089', '-0.6810370684', '-0.1923122406', '-0.1844967008', '-1.188770652', '-0.707991302', '-0.4191936851', '-1.148103237', '-1.043156147', '-0.7199493647', '-0.4438330531', '-0.9800454378', '-0.891230166', '-0.1496873647', '-0.7771859169']","['-1.913644791', '-2.224654436', '-1.096216679', '-1.30641377', '-0.9639322162', '-3.013154745', '-1.228007078', '-0.485585928', '-2.25579834', '-1.06445682', '-1.043245673', '-2.286926985', '-1.300364375', '-1.362878084', '-1.303136349', '-2.584104061', '-1.354691863', '-0.4809651971', '-1.309126496']"
3143,"['-4.812706947', '-3.1803267', '-3.950778008', '-3.554169893', '-3.55387044', '-4.522476673', '-5.834679604', '-5.109774113', '-2.774533272', '-4.705886364', '-4.83671236', '-1.782240987', '-3.452858686', '-4.530687332', '-5.013879299', '-1.812009215', '-4.019561768', '-4.530826092', '-3.534057617']","['-5.568559647', '-4.669313908', '-5.377630711', '-5.792725563', '-5.534063816', '-5.879209995', '-6.079218388', '-5.067507744', '-4.405129433', '-5.190780163', '-5.138576508', '-3.642193079', '-5.017721653', '-6.285651207', '-6.213616371', '-3.842619896', '-5.505963326', '-5.187810421', '-5.701235771']","['-3.32274127', '-3.071158171', '-3.622596741', '-3.50496769', '-3.719792604', '-1.880887032', '-3.046984196', '-3.171243668', '-1.982063055', '-3.030800581', '-3.16240859', '-2.097323895', '-2.828491926', '-3.188687563', '-1.745982647', '0.3971139491', '-1.044293761', '-2.14498353', '-0.8611721992']","['-1.213394046', '-1.988934398', '-1.989990234', '-1.687541485', '-3.207487345', '-0.6058720946', '-1.433941722', '-1.969454646', '-0.9782321453', '-2.273630142', '-2.340718508', '-2.523792505', '-3.27862978', '-2.745027304', '-1.091537714', '0.5415670276', '-1.22537756', '-2.275276184', '-1.876529813']","['-4.962626457', '-2.643874168', '-4.01608181', '-5.595945835', '-4.42758131', '-4.395982265', '-5.423871517', '-5.282554626', '-3.11184454', '-4.972380161', '-5.915132046', '-2.904089212', '-4.87082243', '-6.488449097', '-5.112463951', '-2.112466097', '-4.934114933', '-5.786931515', '-5.229133606']","['-3.590230942', '-2.647930145', '-3.06897974', '-3.654844284', '-3.256369352', '-2.960091114', '-3.83681345', '-3.623405218', '-1.782803655', '-3.286277533', '-3.471659422', '-2.336850882', '-3.780511379', '-4.066185474', '-3.03140521', '-1.114101768', '-3.261509418', '-3.247069359', '-4.24107933']"
3166,"['0.4090002775', '-0.3897822499', '-0.1321094185', '0.6299639344', '-0.4813823104', '0.8015090227', '0.4388295412', '0.6111224294', '-0.2864630222', '-0.5497868657', '0.03865657002', '-0.3353783786', '-0.3906234801', '-0.3962613642', '0.4788272381', '0.02729415707', '-0.4806151986', '-0.02547235414', '0.2394394726']","['0.02778214775', '-0.4035048187', '-0.290065378', '0.09915841371', '-0.5893628597', '0.6419349909', '0.8026663065', '0.9331645966', '-0.3567928076', '-0.4054987431', '-0.02485024929', '-0.5183326006', '-0.5302321315', '-0.4017204642', '0.8542302847', '-0.1834297031', '-0.3480733037', '0.05613937229', '-0.1967965961']","['-2.547797441', '-3.440204144', '-2.583947897', '-1.369009376', '-2.66512537', '-2.010741234', '-1.792655349', '-1.942857146', '-3.324084997', '-3.251269817', '-2.517553091', '-3.386102438', '-3.216980934', '-2.671173334', '-1.196829915', '-2.476424694', '-3.076269388', '-3.145372391', '-2.866326571']","['-0.711411953', '-1.141046882', '-0.1102486253', '0.9386730194', '-0.5617054701', '-0.9864528179', '-0.4736033678', '-0.2659457326', '-1.618821144', '-1.053062558', '-0.3827375472', '-2.323474407', '-1.692317843', '-0.9510349035', '-0.2436543852', '-1.367691398', '-1.534335971', '-1.361716747', '-2.220704317']","['-0.7458256483', '-0.9578834176', '-0.7094397545', '-0.2456284463', '-0.6312199831', '-0.5162290335', '-0.7904322147', '0.05931604281', '-0.8462437391', '-1.022721887', '-0.6550422907', '-1.375563145', '-1.119418383', '-1.192815781', '-0.6062336564', '-0.3240413368', '-0.7170475125', '-0.7708565593', '-1.27781105']","['-0.3721336722', '-0.8908026218', '0.2515733242', '0.8201777339', '0.4458710551', '-0.7252194881', '-0.07894301414', '0.06700360775', '-0.9324234128', '-0.3130031228', '0.002080095233', '-0.8444784284', '-0.3433752656', '-0.3069987297', '-0.05403961614', '-0.4680302739', '-0.2837631106', '-0.3339718282', '-0.3700589538']"
3167,"['-3.435884953', '-2.249238729', '-3.308313847', '-4.08773756', '-2.436572313', '-5.634662151', '-6.348685741', '-4.546180248', '-5.422132969', '-6.204108238', '-5.044984341', '-2.71073842', '-3.686773062', '-4.12257576', '-7.469846725', '-6.639228821', '-8.053852081', '-6.372508049', '-4.647138596']","['-1.949875832', '-1.760196686', '-1.966960549', '-2.617896795', '-1.165176034', '-4.345077991', '-4.204497337', '-3.495474577', '-3.240865469', '-3.506119013', '-3.413747787', '-0.7569445968', '-1.442159653', '-1.884289026', '-5.556760311', '-3.441358328', '-4.63305378', '-4.533111095', '-1.892170548']","['1.670320392', '2.026436329', '1.224425793', '-0.3438366354', '1.408733368', '1.16928947', '0.6190508008', '-1.219147801', '1.161684394', '0.04027546197', '-1.095173955', '1.48636055', '0.489495188', '0.5250663161', '0.07302048802', '0.7087564468', '-0.1647302508', '-0.798150003', '0.7201783061']","['-1.109981537', '0.541479528', '-0.4593096972', '-1.303888083', '0.2909828126', '-1.259635091', '-1.828733802', '-2.186163902', '-1.196821094', '-2.079555988', '-1.652400374', '-0.4576756954', '-1.236957669', '-0.3851117492', '-3.014851332', '-2.155222654', '-3.056880236', '-2.049129725', '-1.807325959']","['-3.23510766', '-1.457974553', '-2.891108751', '-4.122888088', '-2.524195194', '-2.987291098', '-3.62289834', '-3.880144835', '-2.349858761', '-4.046420574', '-4.632557392', '-1.31976378', '-3.192701101', '-4.242211342', '-4.528962135', '-3.117842197', '-5.422617912', '-4.974019527', '-3.79927516']","['-2.584105492', '0.2944635749', '-1.108605862', '-2.178472042', '0.1249201521', '-1.811406255', '-2.748211861', '-2.066930056', '-0.7637969255', '-2.01381278', '-2.204803705', '1.580621362', '0.1225294247', '-0.8707231879', '-3.744033098', '-2.542392969', '-4.021118641', '-3.638337135', '-1.271081686']"
3170,"['-1.000594616', '-0.7593253851', '-0.6440983415', '-1.561855197', '-0.9783186913', '-1.164324522', '-0.7889284492', '-0.6446096897', '-1.131474137', '-0.5971672535', '-0.746172905', '-1.614704251', '-0.806838274', '-1.07889545', '0.02422941476', '-1.161023617', '-0.7938839197', '0.2219951302', '-1.206757903']","['-1.496620178', '-2.579432487', '-2.291614532', '-3.339392185', '-3.163613081', '-1.609095812', '-1.851514459', '-2.0208323', '-3.120625496', '-2.503110886', '-2.531092167', '-3.761213303', '-2.800563335', '-2.986178875', '-1.412864208', '-2.472762823', '-2.311636925', '-1.244177103', '-2.60071373']","['0.2074109167', '-1.406933546', '-0.6729325056', '0.4113022089', '-1.117317319', '-0.5747584105', '-0.4861655831', '1.028311253', '-1.652442932', '-1.192019701', '-0.1967577189', '-1.265050769', '-1.278011918', '-0.9727541804', '-0.9149308801', '-1.346563816', '-1.665082216', '-0.8631365895', '-1.479621649']","['1.685619593', '0.930727005', '0.8962948322', '2.173588276', '-0.1374715865', '-0.6910772324', '0.6084370613', '2.592880487', '-0.3514991403', '-0.02480797097', '1.553809762', '0.3362140357', '-0.1382430345', '0.6662061214', '-0.9994257092', '-1.180374861', '-0.7601669431', '0.8278008699', '-0.5858207345']","['0.9346100092', '-0.5908634067', '-0.0509560667', '-0.2876942456', '-1.335176945', '-0.3331605792', '0.848487854', '1.219595551', '-1.019302011', '-0.2183563262', '0.1228235513', '-1.594511986', '-1.583020449', '-1.38405633', '-0.07376990467', '-1.267118692', '-0.9619007111', '-0.2163166851', '-1.956887603']","['-2.243007898', '-3.325661182', '-3.111169577', '-2.399080753', '-3.452377796', '-1.43982935', '-2.35837388', '-1.003055811', '-2.939375877', '-3.322726011', '-2.063248396', '-3.104700804', '-3.13488555', '-2.460350513', '-1.145583272', '-1.75375092', '-2.577136993', '-0.7331953645', '-2.572473764']"
3173,"['-3.00682497', '-2.478748322', '-1.484193563', '-2.090459347', '-2.076459646', '-5.175843716', '-4.968862057', '-4.79322052', '-4.077981472', '-3.840871096', '-3.824633121', '-3.943115234', '-3.545305252', '-3.482249498', '-4.750048637', '-4.545426846', '-4.640730381', '-4.659787655', '-4.985236645']","['-3.241672754', '-4.950760365', '-3.135499954', '-3.277111053', '-4.799440384', '-4.473544598', '-4.434775352', '-5.144427776', '-5.708024025', '-4.903030872', '-4.500233173', '-6.274090767', '-5.528599262', '-4.834573269', '-2.936656237', '-3.93297267', '-3.753639698', '-5.047557831', '-5.059035301']","['-2.110183001', '-3.974975109', '-2.45476675', '-3.058044434', '-4.739817619', '-3.711286068', '-4.596385956', '-5.196017742', '-5.847708225', '-5.930613995', '-5.686961174', '-7.130012989', '-6.759828568', '-6.360861778', '-4.241258621', '-5.243080139', '-5.578154087', '-6.093924999', '-6.890681744']","['-2.088321209', '-2.037180662', '-1.161185145', '-1.243205905', '-2.247346878', '-3.303483725', '-3.53148365', '-2.54764533', '-3.743852615', '-3.283652067', '-2.168678999', '-4.228390694', '-3.652574062', '-2.837652922', '-3.627663851', '-4.685663223', '-4.486639977', '-2.86854887', '-4.58498621']","['-1.044132829', '-2.884828329', '-2.116070032', '-2.116666079', '-3.225028753', '-2.790109396', '-3.022451878', '-3.520374537', '-4.746859074', '-5.317373753', '-4.818362236', '-4.943602085', '-5.166715622', '-4.627776146', '-4.521273613', '-5.513674736', '-5.880380154', '-5.576203346', '-5.752972126']","['-1.44276309', '-1.835266948', '-0.5429037213', '-0.7849050164', '-1.483030796', '-5.619123459', '-5.660117626', '-4.549482822', '-4.823337078', '-4.781808376', '-3.688957214', '-4.288216591', '-3.801057816', '-2.798352718', '-6.237910748', '-6.341792107', '-6.365719795', '-4.868610382', '-5.563318253']"
3176,"['-2.33028245', '-2.940473318', '-2.651237011', '-3.208759785', '-3.181485891', '-0.8183792233', '-1.55890882', '-2.393582582', '-1.572306037', '-2.083114147', '-2.408103228', '-1.842037201', '-1.853451729', '-1.652548671', '0.08926532418', '0.01951068826', '-0.7877946496', '-1.136156321', '-0.5674184561']","['-0.2624423206', '-1.748717189', '-2.067919254', '-2.892094612', '-3.257241011', '-0.2466065437', '-0.5448944569', '-2.266674995', '-1.086920977', '-1.636456609', '-2.599111795', '-1.831631303', '-1.990188956', '-1.853593826', '-0.6118603945', '-0.3456246853', '-0.7857221365', '-1.303075314', '-0.8503023386']","['-3.082075834', '-5.035569191', '-3.526594877', '-5.064608574', '-3.896793604', '-3.153534651', '-2.198836565', '-3.845605135', '-3.588202238', '-2.517640352', '-4.013317585', '-3.820180893', '-2.71681428', '-3.49030447', '-1.461521983', '-2.690701723', '-2.518583298', '-3.621752977', '-2.37582016']","['-1.344550967', '-2.413141489', '-1.592391133', '-1.731350899', '-1.355983138', '-1.480801105', '-0.9548544288', '-1.236799598', '-1.768936992', '-0.948356092', '-0.9984534383', '-1.598072767', '-0.5069961548', '-0.5847303271', '-0.5221381187', '-1.521267891', '-1.010749578', '-0.8891115189', '-0.9744408727']","['-1.434343815', '-1.555325747', '-1.036446333', '-1.977389097', '-0.9751259089', '-0.5419766307', '-0.2928328514', '-1.964263082', '-0.9310460687', '-0.4278463721', '-1.914286613', '-1.077105761', '-0.7222936749', '-1.809853315', '-0.5915901661', '-1.380434036', '-1.440362573', '-2.8632164', '-1.364602089']","['-2.284413099', '-3.311659098', '-3.438731909', '-4.060612679', '-4.022041321', '-1.376505136', '-2.221277475', '-3.947481155', '-2.774263382', '-3.393159628', '-4.011531353', '-2.842152596', '-2.873148441', '-2.674137354', '-0.7411997318', '-0.833029151', '-1.80349648', '-2.185119867', '-1.077128291']"
3189,"['-6.390515327', '-5.42149353', '-5.899169922', '-7.503050804', '-5.192817688', '-5.271878719', '-6.067503929', '-6.385808468', '-4.571936607', '-5.563453674', '-6.465922832', '-4.489009857', '-4.546186447', '-6.045892239', '-3.770355225', '-2.966607094', '-3.71340847', '-5.123834133', '-4.313047409']","['-2.548259497', '-2.771747828', '-2.719121218', '-3.644870281', '-2.832837105', '-3.157323122', '-2.58803916', '-2.795821905', '-2.82661438', '-3.384726048', '-3.856482983', '-2.703141451', '-2.687356472', '-3.58237958', '-1.499569058', '-2.258684635', '-2.638351679', '-3.346745729', '-2.457456827']","['-3.204239607', '-3.787745237', '-3.558877707', '-3.361658096', '-3.000596046', '-1.52211082', '-2.706167459', '-2.426522017', '-2.500936985', '-3.189061403', '-3.041602612', '-2.857294321', '-2.333207607', '-2.255373001', '-0.5404623747', '-0.6032043695', '-2.123541832', '-2.167391062', '-2.843567133']","['-2.535703659', '-3.97986412', '-3.415704012', '-2.236368895', '-2.904539824', '-1.040137768', '-1.572381616', '-1.079251766', '-1.903582811', '-2.117592573', '-1.565680623', '-1.83676672', '-1.280135989', '-1.276669264', '0.6680383682', '0.3997339904', '-0.8359816074', '-1.352092385', '-1.151669025']","['-3.684085846', '-3.863242388', '-4.483746052', '-5.805508137', '-3.735081673', '-3.55173111', '-4.134111881', '-3.090539455', '-3.684783697', '-4.737391472', '-4.693321705', '-3.920446157', '-3.446417093', '-4.658493996', '-3.102974892', '-3.09392643', '-3.466017723', '-3.087116957', '-3.657765865']","['-1.926564813', '-1.702094674', '-2.019636631', '-3.173536539', '-2.092202663', '-0.9328590035', '-1.549700499', '-1.799502254', '-1.127207875', '-2.091681004', '-3.056251049', '-1.460438132', '-1.921013594', '-3.397361994', '-0.959823668', '-0.4482031167', '-1.206478357', '-2.472920179', '-1.462312579']"
3190,"['-3.222035408', '-2.249934435', '-2.22043848', '-2.172481775', '-1.405418634', '-2.32088542', '-2.483812809', '-1.967343688', '-1.448965073', '-1.473839998', '-1.591077805', '-1.274293065', '-0.93875283', '-0.8880519271', '-2.756907463', '-2.864523649', '-2.57927084', '-2.785507202', '-1.652348399']","['0.05382054299', '0.5300575495', '0.6552994847', '0.2944743037', '0.7226409912', '0.2429851592', '0.1716680378', '-0.2889419794', '0.0866734013', '-0.2113804966', '-0.7607836723', '0.01818089932', '-0.1911788285', '-0.5693410039', '0.4227653146', '-0.3898096979', '-0.6807355285', '-0.7925897837', '-1.661726117']","['-1.887371898', '0.2971241474', '0.4455997646', '-0.6125102043', '0.6099272966', '-1.212646484', '-1.304100037', '-1.212055802', '0.6324747801', '0.8355694413', '-0.2146908939', '0.97965765', '1.128922701', '0.3231255114', '-2.391951084', '-1.664496779', '-1.49923408', '-1.999980211', '0.7211685181']","['-2.92203021', '-1.668884993', '-1.561125398', '-3.038326502', '-1.995657802', '-2.718524456', '-2.003103733', '-2.683702946', '-1.361026287', '-1.281293988', '-2.509432077', '-1.610972285', '-1.709131837', '-2.873253345', '-2.886542559', '-3.05693531', '-2.680931807', '-3.247420311', '-2.139331579']","['1.188995242', '0.1619674712', '-0.159480229', '0.5493456125', '-0.4548063278', '0.7782025337', '0.9082129002', '1.833391666', '-0.2878726423', '-0.6049348116', '0.8092491627', '-0.5863279104', '-0.8342066407', '0.02712611482', '1.528213501', '0.7728773952', '0.05055741593', '0.8867365122', '-1.162949681']","['-1.381271124', '-0.7606158853', '-0.9320440888', '0.1597591639', '-1.188005209', '-0.07080280036', '-0.2649619579', '-0.2329621464', '-0.1866850853', '-0.6585187316', '-0.4195964038', '-1.232796073', '-1.547954082', '-0.9807519913', '1.041537166', '0.8423096538', '0.1341268569', '-0.07242803276', '-1.456294894']"
3200,"['-1.099597931', '-2.513667583', '-1.564573884', '-2.115832329', '-1.98116672', '-0.2847603559', '-0.3848282397', '-1.310730457', '-0.8688389659', '-0.253449589', '-1.086221337', '-1.906323195', '-0.9171897173', '-1.661233902', '0.164723292', '0.6562085152', '0.8244922161', '0.5602641702', '0.2324193716']","['-3.05222106', '-3.756374598', '-3.405976057', '-4.161803722', '-3.779476643', '-2.787005663', '-2.897305965', '-3.427497625', '-3.065109253', '-2.712225676', '-3.610239267', '-3.527536154', '-3.670964003', '-4.537757397', '-2.596188068', '-1.735011101', '-1.559267282', '-1.690648079', '-2.400146961']","['-2.745823383', '-5.065333843', '-3.083280325', '-4.194385052', '-4.54081583', '-3.736670017', '-2.779810429', '-3.817254305', '-3.925390482', '-2.548531294', '-3.984461308', '-5.179602146', '-4.422544479', '-5.308990002', '-3.836499214', '-2.629059792', '-1.889285564', '-2.186435461', '-1.693478346']","['-0.5327245593', '-2.141885042', '-1.260243058', '-2.183387518', '-2.489014626', '-0.3154088855', '-0.7087258697', '-1.573373199', '-1.61785841', '-1.408370256', '-2.087726116', '-2.462454557', '-2.157093525', '-2.3545928', '-1.445187926', '-0.3561367095', '-0.2606039345', '-0.317604512', '-0.04992831498']","['-2.531633377', '-3.479161263', '-2.48456955', '-4.020350933', '-3.142488718', '-2.121396303', '-2.211371899', '-3.471570253', '-2.239240408', '-1.887642622', '-3.454048634', '-3.459472895', '-2.73584938', '-3.927647591', '-2.260072947', '-1.072109938', '-1.154447198', '-2.152616024', '-1.394002318']","['-1.530370235', '-4.094727993', '-2.227125883', '-3.604623318', '-3.895511866', '-1.126616597', '-0.4845643044', '-1.435047269', '-1.783363581', '-0.2502185702', '-1.338629365', '-3.639734745', '-2.324834824', '-2.719982386', '-1.123107076', '-1.207361341', '-0.4076276422', '-0.09412208945', '-1.489553094']"
3206,"['-4.608942509', '-5.454836369', '-5.607370853', '-6.258165359', '-6.634494305', '-4.599605083', '-4.152628899', '-5.933548927', '-4.589958191', '-3.861587524', '-6.834809303', '-4.879832745', '-4.988631725', '-7.532924175', '-4.338904381', '-3.267809868', '-3.169893503', '-5.978085995', '-2.863960743']","['-4.474051952', '-5.738362312', '-5.088534832', '-4.039730072', '-5.418315411', '-5.054029465', '-5.223779202', '-6.511269093', '-5.881772518', '-4.789774418', '-6.142798901', '-6.16422081', '-5.406178474', '-7.007911682', '-7.060722351', '-5.443434238', '-5.228720188', '-7.73003149', '-4.548944473']","['-5.053161621', '-5.020816326', '-4.426246166', '-4.358590603', '-4.346184731', '-3.983013153', '-4.069105625', '-6.569279671', '-3.551617146', '-3.142244577', '-6.011230946', '-4.148540974', '-4.20083189', '-6.611173153', '-3.528736353', '-2.305281878', '-2.437543154', '-5.949042797', '-3.428221703']","['-2.167079449', '-1.507036448', '-2.286162615', '-2.371046066', '-1.966472149', '-1.312681198', '-2.168268681', '-3.256625414', '-1.920419097', '-2.451397419', '-3.394188881', '-1.900876045', '-2.496685743', '-3.402275324', '-2.573838472', '-2.263825178', '-2.484825373', '-3.584038019', '-2.482933521']","['-4.805356026', '-5.474413395', '-4.990102291', '-5.039173126', '-5.027445316', '-5.424385548', '-5.338047504', '-6.753245831', '-5.92126894', '-4.891068459', '-6.606427193', '-6.236000538', '-5.725286484', '-7.351690769', '-6.190442562', '-5.441539288', '-4.798002243', '-6.961977005', '-4.86571455']","['-2.279807568', '-1.4028157', '-2.336524725', '-2.642767906', '-2.22276473', '-1.356134415', '-1.889876008', '-3.290875912', '-1.493119121', '-2.014653921', '-3.43407011', '-2.128499508', '-2.464465141', '-3.242158175', '-1.903306961', '-0.8180571795', '-1.565324783', '-3.532966614', '-1.750675321']"
3212,"['1.085799575', '0.6686707139', '1.290046811', '0.526350379', '0.5315532684', '1.498478055', '0.9091937542', '-0.8579615355', '1.629227996', '1.747830868', '1.470504165', '0.6671407819', '1.165839314', '1.760808945', '-0.2114411443', '1.113155723', '1.327669859', '1.178551793', '1.612778544']","['-2.208567619', '-2.465035439', '-2.135837793', '-2.209178925', '-1.797931552', '-1.379108548', '-1.713800788', '-1.985536218', '-1.521661162', '-1.426712036', '-1.975194335', '-1.297182441', '-1.136257887', '-1.549507141', '-1.384625912', '-1.516495585', '-0.9959583282', '-0.8222790956', '-0.9327177405']","['-0.8754984736', '-1.640302777', '-1.532572389', '-0.9981272817', '-2.897698164', '-0.6313570142', '-0.6575787663', '-0.7644637823', '-1.74236846', '-1.768741012', '-1.26007545', '-3.064455271', '-2.566433907', '-1.6068151', '-1.416443825', '-2.536333561', '-2.45285511', '-1.458160162', '-3.011405706']","['-0.1140736267', '-1.068036079', '-0.492555052', '-0.348751843', '-0.3363161981', '-0.4312414825', '-0.492652446', '-0.2350782305', '-0.8669543266', '-0.6123606563', '0.07832061499', '-1.482952952', '-1.130693793', '-0.3382336497', '-0.3168303668', '-0.9658860564', '-0.5401198864', '0.8113421202', '-1.595588446']","['-1.370283365', '-3.803216696', '-2.663924932', '-1.987175584', '-4.02091217', '-1.453653097', '-1.341966391', '-1.229806185', '-1.958719015', '-1.86221087', '-1.174186349', '-2.50139761', '-2.257770538', '-1.68040204', '-2.135833979', '-1.893374085', '-2.08893609', '-0.7100868225', '-1.809560657']","['0.9213522673', '0.7231754661', '0.213812381', '-0.4182387292', '0.25883165', '1.769628882', '1.675303936', '0.3660635352', '0.8268025517', '0.3317081332', '-0.415476501', '0.7857702971', '0.291451633', '0.1931993961', '1.130544305', '0.7802500129', '0.7268054485', '-0.01116229407', '0.8511961699']"
3220,"['-1.782155991', '-1.379647374', '-1.742315888', '-1.05208993', '-1.745268703', '-1.276918769', '-0.6716820002', '0.7072406411', '-1.698641777', '-1.390972972', '-0.1896444112', '-2.010255575', '-1.537121773', '-1.077455997', '-1.033207059', '-1.829726219', '-1.333043933', '-0.3249325752', '-1.092106462']","['1.11537528', '0.8319357038', '0.7161696553', '1.138053656', '-0.06031222641', '-0.2804880142', '0.7383701205', '1.705091834', '0.1372222304', '0.5298443437', '0.967600286', '0.1147037372', '-0.1028957143', '0.1885507703', '-0.940608561', '-0.8806313276', '-0.5195686817', '-0.4443738461', '0.3218220472']","['3.519119024', '1.502521873', '2.552408934', '3.297811747', '2.896947861', '1.951681733', '2.797141314', '2.026645899', '0.9609556198', '1.427169561', '1.036815882', '1.07937026', '1.54589057', '0.9468625784', '1.052508473', '-0.1143029481', '0.191254124', '-0.5449714065', '-0.122387141']","['1.736728072', '1.251256704', '2.180802107', '2.741194725', '2.35063982', '-0.7776776552', '0.6882790923', '2.242298841', '-0.1943999827', '0.5275232792', '1.419155121', '0.8242631555', '1.148449063', '2.14657855', '-0.8192125559', '-1.957295537', '-1.242229104', '0.467086792', '0.2740430832']","['0.9095694423', '1.529326439', '1.714614868', '2.03229475', '1.61862433', '-0.4691437185', '0.4481343031', '1.240281224', '0.3373942375', '0.7524585724', '1.336854696', '0.6341642141', '0.5324008465', '1.439894915', '-1.319999099', '-2.285003185', '-1.782432556', '-0.04623227566', '-2.119182348']","['0.6953366995', '1.077841043', '1.249855638', '1.395504475', '0.7270197868', '-0.9831708074', '-0.1541006416', '0.8867180347', '-0.15870215', '-0.1013488472', '0.1287269592', '-0.1642015874', '-0.4376618862', '0.272634387', '-1.506170273', '-2.048746586', '-2.12417078', '-1.171748877', '-1.341281056']"
