subject_id,str_raw,comp_raw,soc_raw,door_raw,str_diff,comp_diff,soc_diff,door_diff
1001,"[-2.309169054, -5.055059433, -10.01720047, 6.520560741, 23.04594612, 20.02099609, 7.378359318, -12.31033039, 2.40222764, -0.711912334, 1.27790463, 24.70085335, 28.03347969, 5.632884502, 4.541491985, -19.69818306]","[15.11522961, -39.87341309, -9.40253067, 4.58054924, -40.86327362, -20.7643528, 18.34619331, 4.815077305, -32.72341537, -8.942170143, -5.067683697, -54.09542084, -29.52749634, 10.34100151, -17.95296478, -18.27102852]","[-62.32316589, 88.98451996, -5.342015266, -85.33560944, -87.93122101, 122.6485901, -3.115936518, 29.64523315, 231.9772339, 48.88540268, -17.81840515, 34.09223175, 5.532510281, 94.40070343, 151.2901001, 133.8837128]","[91.0426178, -59.47687531, 48.36783218, 147.3995667, 19.18972969, 22.79461288, -18.61393547, 12.49608803, 32.87992477, 50.79079437, 103.4597244, -2.787334442, 3.121935129, 4.0279212, 26.10210037, 67.703125]","[-0.34041283 -0.389251   -0.4775072  -0.18336803  0.11055103  0.05674954
 -0.1681113  -0.51829261 -0.25661634 -0.31200416 -0.27661345  0.13998507
  0.19925887 -0.19915616 -0.21856757 -0.64969231]","[-0.030504   -1.00852719 -0.46657474 -0.2178729  -1.02613277 -0.66865512
  0.02696164 -0.21370161 -0.88135796 -0.45838681 -0.38947553 -1.26147858
 -0.82451562 -0.115418   -0.61865201 -0.62430907]","[-1.40781654  1.28332875 -0.39435477 -1.81711385 -1.86327917  1.88207496
 -0.35476193  0.22792538  3.82658466  0.57012935 -0.61625875  0.3070193
 -0.20094141  1.37966051  2.39149035  2.08190187]","[ 1.31993389 -1.35719266  0.56092389  2.32229366  0.0419647   0.10608084
 -0.63040798 -0.07708782  0.28545732  0.60401848  1.54078347 -0.34891744
 -0.24381569 -0.2277019   0.16490753  0.90481971]"
1006,"[-30.64070129, -47.58298111, -74.93319702, -41.32107544, -89.97773743, 36.2002449, 11.75888348, -2.411297083, 9.310082436, -16.94674492, -18.57187271, -45.11706161, -30.19433022, 27.57142448, 24.45868492, 22.16547585]","[-17.73518753, -45.91164017, -38.74034119, -2.398382902, -37.81933212, 10.0701189, 10.04380894, 6.525572777, -2.057180405, 0.4196327925, 5.684660435, -12.11036396, 4.171545029, 13.65065098, 16.60581589, 6.216062069]","[169.7521362, 118.0851669, 216.2252808, 202.0080872, 214.0329742, 132.0177917, 136.5434418, 146.2166901, 112.9220428, 156.4818268, 143.9082794, 168.2857361, 148.0302429, 68.59922028, 41.81506729, 20.31211281]","[-40.68862152, 53.38856506, 17.08793259, -55.96221161, 5.292135239, 38.94007492, 37.05211639, 28.09473801, 34.74264908, 29.80521393, 18.49451065, -5.962654114, -11.99513054, 58.21040726, 60.31431961, 43.1688385]","[-0.89431687 -1.12987811 -1.5101487  -1.04281413 -1.71932424  0.035023
 -0.30480361 -0.50182227 -0.33885113 -0.70391951 -0.72651489 -1.09559258
 -0.88811064 -0.08494997 -0.12822873 -0.16011294]","[-0.71488182 -1.1066402  -1.00693225 -0.50164271 -0.99412677 -0.32828377
 -0.32864958 -0.37756625 -0.49689872 -0.46246172 -0.38925809 -0.63667568
 -0.41029607 -0.27850094 -0.23741306 -0.38186961]","[ 1.89189523  1.17353056  2.53804626  2.34037394  2.50756497  1.3672463
  1.43016981  1.56466425  1.10174377  1.70738815  1.53256868  1.87150677
  1.58987944  0.48549028  0.11309009 -0.18588164]","[-1.03402065  0.27400512 -0.23070983 -1.24638085 -0.39471566  0.07311691
  0.0468672  -0.07767395  0.01475695 -0.05389192 -0.21115312 -0.55119945
 -0.6350735   0.34104681  0.37029908  0.13191259]"
1009,"[-9.904271126, 0.2263400257, 5.182331562, 11.72272873, 3.341360807, -55.76201248, 5.419911861, 23.36880875, -15.71366501, 20.02924728, 30.12334251, 24.71743774, 15.73178768, 13.22172642, 30.16497803, 21.07056427]","[-36.18261719, -6.346672535, -16.63495636, -7.730811596, -5.973660469, -40.79928207, -37.56955338, -15.77968979, -15.39312363, -11.41159534, -2.939466715, 5.267500401, 11.08062458, -22.41117287, 8.166520119, 8.617071152]","[-130.8116913, -93.93344116, -135.0018158, -90.65394592, -61.29138947, -109.1370087, -110.8984756, -85.88573456, 26.6265564, -47.59246445, -56.17523956, -16.74170876, -21.23768234, -43.59626007, 2.832172871, -32.7646637]","[-25.85092735, -156.313858, -91.67800903, -3.116633415, -57.39858627, -147.9700928, -60.56651688, -9.583687782, -188.330246, -91.009552, -5.538433075, -1.709083915, 20.18196869, -3.95053792, -6.630499363, 1.805156231]","[ 0.39207991  0.59332974  0.69178308  0.82171146  0.65521125 -0.51890788
  0.69650274  1.05306687  0.27667329  0.98672475  1.18724918  1.07985808
  0.90135349  0.85148983  1.18807629  1.00741105]","[-0.12995305  0.46275345  0.25837136  0.43525681  0.47016352 -0.22166549
 -0.15750525  0.27536167  0.28304101  0.36213613  0.53043935  0.69347501
  0.80895573  0.14362383  0.75106553  0.76001596]","[-2.00980862 -1.27720308 -2.09304761 -1.21205421 -0.62875181 -1.57922982
 -1.61422227 -1.11733122  1.11778372 -0.35661557 -0.52711685  0.25625067
  0.16693582 -0.2772289   0.64509596 -0.06205363]","[ 0.07529132 -2.51642237 -1.23239775  0.52691985 -0.55141926 -2.35066915
 -0.61435184  0.39844846 -3.1524445  -1.2191185   0.47880954  0.55488154
  0.98975864  0.5103539   0.45711508  0.62469375]"
1010,"[-16.58464241, -47.89735413, -31.14310455, -18.23292732, -24.54807663, -2.13340354, 22.40760994, 28.22572899, -20.54964066, 3.775874376, 25.79537964, 5.560204029, 18.14577484, 10.98632145, 3.368736506, 16.33478355]","[21.850317, -13.45201969, 6.196971416, 14.48173428, 1.039435863, 9.958293915, 31.93199158, 28.79039574, 0.01461502258, 20.20135689, 26.26735687, 19.1649189, 23.0494709, 31.51833153, 31.3957901, 27.32972145]","[1.611519098, -35.90989685, -5.767394066, -77.10661316, -65.99477386, 93.46279907, 143.7012939, 100.9076004, 68.03652954, 67.98497009, 44.42494583, 8.379869461, -26.33149147, 101.3356552, 82.80955505, 104.6374664]","[169.8612671, -36.44792175, 52.61982727, 20.45181656, -8.225737572, -60.32781982, -9.74995327, -32.92020416, -80.99034882, -55.70204163, -18.32161713, -84.1373291, -34.10136795, 10.79202271, -19.19379425, 1.313089371]","[-0.5487246  -1.18224873 -0.84327389 -0.58207298 -0.70984216 -0.25634467
  0.24017331  0.35788648 -0.62894512 -0.13678715  0.30871524 -0.10068629
  0.15394713  0.00909585 -0.14502443  0.11730685]","[ 0.22889806 -0.48534484 -0.0878031   0.07981564 -0.19215124 -0.01170338
  0.43287222  0.36931092 -0.21288559  0.19553602  0.31826437  0.17456663
  0.25315955  0.42450298  0.4220237   0.33975831]","[-0.18057675 -0.93971645 -0.32986818 -1.77321545 -1.54839882  1.67777402
  2.69420783  1.82839852  1.1633454   1.16230224  0.68563181 -0.04363833
 -0.74592451  1.83705899  1.46223577  1.9038618 ]","[ 3.22348087 -0.95060186  0.85143205  0.20060336 -0.37960581 -1.43374403
 -0.410444   -0.87922847 -1.85179185 -1.3401545  -0.58386737 -1.91546209
 -0.90312598  0.00516476 -0.60151341 -0.18661463]"
1012,"[39.54040527, 33.78029251, 29.00566101, 21.24464417, 7.572542191, 35.07279205, 41.76257706, 28.46215248, 30.32794762, 31.8100605, 18.51626015, 19.34700394, 13.9151392, 36.37772369, 31.84940529, 13.58698654]","[-4.842911243, 12.13227558, 8.847144127, -1.199174166, 8.715909958, 4.739249229, -1.849196076, -9.373317719, 6.653475761, -0.7697687745, -12.31172657, -2.876353741, -8.860075951, 4.762858868, 5.848366261, -13.12400818]","[56.89078903, -77.0921402, 23.12733841, 53.38200378, -40.78633118, 7.952465534, 28.56229973, 35.22645187, 0.1358258277, 36.5107193, 72.25144958, -4.632893562, 7.488516331, -32.97904968, 13.18555164, 78.6468277]","[-52.87870026, 11.78850842, -1.309176564, -16.66350174, -3.698976517, 33.23263168, -45.13669205, -61.86665344, -23.73279953, -23.91583824, -28.17253494, -24.151371, -34.26534653, 6.440834522, 6.944962978, 10.90237904]","[1.1077514  0.91240922 0.75048758 0.48728893 0.02362819 0.95624164
 1.18311171 0.73205563 0.79533017 0.84559293 0.39476149 0.42293443
 0.2387241  1.00049567 0.84692722 0.22759549]","[-0.39741595  0.17826201  0.06685365 -0.27384623  0.06240311 -0.07245702
 -0.29589036 -0.55105521 -0.00754003 -0.25928384 -0.6507052  -0.33072426
 -0.53364969 -0.07165635 -0.03484363 -0.67825203]","[ 1.69615337 -2.84759743  0.55113657  1.57716026 -1.61636185  0.03651249
  0.73545191  0.96145269 -0.22857249  1.00500594  2.21707805 -0.39029364
  0.02077863 -1.35159423  0.21398166  2.43396392]","[-2.02644926  0.16660386 -0.27757673 -0.79828655 -0.35862179  0.89383645
 -1.76389524 -2.33125689 -1.038027   -1.04423437 -1.18859134 -1.05222197
 -1.3952163  -0.01475131  0.00234515  0.13655264]"
1013,"[-13.31705952, 2.238639355, 10.85079384, 15.9593792, 42.89447021, -49.90524292, -19.67607307, -2.905597448, -19.93129158, -2.348687887, 4.861842155, 24.43953133, 16.62818527, -17.96134377, -22.58477974, -8.734441757]","[61.83950043, 139.7007904, 76.45941162, 37.14288712, 45.20449829, 136.2328644, 87.32878876, 29.7579155, 167.2949982, 88.9929657, 28.95820045, 49.05633163, 19.49392319, 67.94130707, 72.56443024, 5.799805641]","[-20.54903221, 53.52884293, -10.51214981, 22.2256546, 6.827913284, -22.21790695, -12.25736713, 14.78013515, -60.53604126, -62.18703842, 19.52603531, -62.77054596, 31.24051094, 7.85117197, -27.10645485, 18.65327835]","[95.1887207, 180.5412292, 122.7969742, 30.58852386, 32.80887985, 102.8912354, 74.34480286, 22.07163811, 75.41286469, 65.05012512, 28.9118309, -13.93150711, -7.436955452, -9.464187622, 26.8584137, 39.35707092]","[-0.81192471 -0.51132711 -0.34490624 -0.24618817  0.27430427 -1.51895306
 -0.93480599 -0.6107341  -0.93973782 -0.59997241 -0.46063646 -0.08231811
 -0.2332642  -0.90167064 -0.9910137  -0.72337042]","[ 0.64039715  2.14498509  0.92291163  0.16316095  0.31894314  2.07797104
  1.13295097  0.0204541   2.67821427  1.16510945  0.00500044  0.39337579
 -0.17788681  0.75830818  0.84764519 -0.4425113 ]","[-0.95167501  0.47980239 -0.75772277 -0.12509896 -0.4226442  -0.98392427
 -0.79144726 -0.26897583 -1.72438211 -1.7562859  -0.17726628 -1.76756158
  0.0491037  -0.40287079 -1.07839034 -0.19413139]","[ 1.28483593  2.93418382  1.81833653  0.03650474  0.07941079  1.43367896
  0.88204903 -0.12807517  0.90268821  0.70243911  0.0041044  -0.82379827
 -0.69829785 -0.73747199 -0.03557574  0.20594773]"
1015,"[-21.09749603, -19.98619843, -24.55539322, -39.17158127, -32.77107239, -60.20110703, -46.51636887, -45.72095108, -24.55147743, -30.66278076, -50.17676544, -17.34955406, -28.06533051, -35.8067894, -18.83679581, -38.04929733]","[-21.10846901, -19.06533623, -30.74812889, -25.83377075, -15.79805183, -57.7803688, -47.61782455, -26.11142921, -57.48336411, -59.91393661, -39.85047913, -46.09830856, -27.76717567, -46.38789368, -72.67653656, -41.9937973]","[-197.8175201, -94.52000427, -97.91644287, -71.35817719, 48.44269943, -110.3518066, -85.49055481, -43.18373489, -16.62194443, -39.85587692, -37.80170059, 62.6505928, 25.278862, 2.267719746, -33.38420105, -4.152332306]","[82.03038025, 102.541214, 36.46626282, 59.11215973, 65.30301666, 103.4326859, 78.713974, 59.46290207, 105.464447, 54.11279297, 28.02634811, 65.93228149, 33.47849655, -3.536311388, 12.79468727, 0.3101611137]","[-0.10419151 -0.0841805  -0.16645748 -0.42964956 -0.3143963  -0.80832589
 -0.56190633 -0.54758333 -0.16638697 -0.27643253 -0.62781868 -0.03670274
 -0.22966053 -0.36906012 -0.06348334 -0.40944071]","[-0.1043891  -0.06759864 -0.27796939 -0.18947709 -0.00876501 -0.76473592
 -0.58174012 -0.19447685 -0.75938779 -0.80315484 -0.44187439 -0.55437836
 -0.22429169 -0.55959289 -1.03296956 -0.48046889]","[-3.28636932 -1.42630245 -1.48746174 -1.00923001  1.14801105 -1.71138395
 -1.26371016 -0.50189596 -0.02360075 -0.44197159 -0.40498227  1.403851
  0.7309024   0.31654333 -0.32543684  0.20093816]","[1.75282068 2.12215698 0.93235269 1.34013483 1.4516129  2.13820961
 1.69310252 1.34645061 2.17479531 1.25011179 0.78037608 1.46294401
 0.87855231 0.21203078 0.50610126 0.28129379]"
1016,"[-5.118400574, -0.3799778223, 0.1515062153, 4.230873585, 2.256474733, -47.19371414, -22.18913269, -10.18084812, -44.03840256, -19.86006927, -3.222503424, -6.298111439, 0.1805569679, -32.91632462, -24.28752708, -6.74672842]","[-32.20946884, -56.5957222, -36.71549988, -27.83480644, -34.96171951, -51.82762527, -42.44801331, -21.1764431, -33.20684433, -24.91586113, -22.40529251, -26.85171509, -28.72065353, -47.85115433, -28.25068665, -30.38937187]","[-95.10681152, -75.75492859, -40.20914459, 5.458715916, 22.947258, -133.2275391, -114.1543045, -5.885859489, -65.68661499, -27.12905884, 24.33104706, 13.67625237, 20.47035599, -157.772995, -28.18519211, 24.58485794]","[-1.898074389, -8.070063591, 23.48126602, 31.55213165, 36.75056076, -33.77983475, 15.88354874, 18.65520668, -59.55539703, 0.6539575458, 4.599027157, -6.639958858, 4.460972309, -17.77337456, -44.42415619, -22.68432236]","[ 0.48007928  0.60951096  0.62402863  0.73545799  0.68152659 -0.66922271
  0.01378622  0.34179674 -0.58303427  0.07740541  0.53186637  0.44785506
  0.62482216 -0.2792308  -0.04353216  0.43560093]","[-0.25992278 -0.92604187 -0.38300661 -0.14042734 -0.33510148 -0.79579963
 -0.53959223  0.0414482  -0.28716645 -0.06069532  0.00788174 -0.11357386
 -0.16462457 -0.68718092 -0.15178726 -0.21020619]","[-1.97798582 -1.44938233 -0.47843674  0.76899693  1.24670261 -3.0192669
 -2.49827479  0.45911587 -1.17436281 -0.1211496   1.2845013   0.99346183
  1.17904516 -3.68973467 -0.14999825  1.29143423]","[ 5.68043618e-01  3.99453562e-01  1.26128923e+00  1.48174776e+00
  1.62374468e+00 -3.02817881e-01  1.05375491e+00  1.12946372e+00
 -1.00688643e+00  6.37753268e-01  7.45514232e-01  4.38517376e-01
  7.41743215e-01  1.34404210e-01 -5.93571265e-01  2.59943099e-04]"
1019,"[45.41038895, 33.95594788, 54.10824966, 52.32507706, 65.72509003, 48.82518005, 56.20626831, 51.14066696, 56.75420761, 76.56687164, 72.79079437, 89.30052185, 76.74359894, 65.44178772, 91.24731445, 82.46315765]","[-14.72168159, -18.25300789, -12.5239048, -6.029697418, -14.12875652, -0.29706043, -10.83415699, -14.47280693, -7.11952877, -13.01011658, -13.88725662, -16.07727242, -10.52403355, -10.00454617, -19.8114872, -20.36040688]","[142.2802277, 45.06497955, 119.8753052, 105.1169815, 120.9313049, -26.49009895, 85.88379669, 123.8584976, -32.02375031, 62.94533539, 123.0593643, 46.8911171, 96.25805664, 69.66326141, 7.916776657, 69.29104614]","[32.41844559, 38.7773819, 39.56011963, 18.05133629, 35.07327652, 32.86145401, -5.065438747, -21.57645607, 54.99391174, 52.72526932, 18.84314346, 59.05016708, 19.27690697, -39.51158905, 3.806979418, -10.14700794]","[ 0.2041326  -0.04542138  0.39362992  0.35478055  0.64672204  0.27852949
  0.43933873  0.32897621  0.4512765   0.88292823  0.80066013  1.16035191
  0.88677853  0.64054983  1.20276601  1.01138859]","[-1.10594424 -1.18288003 -1.05806202 -0.91657495 -1.09302638 -0.79167995
 -1.02124807 -1.10052209 -0.94031873 -1.06865495 -1.0877649  -1.13547803
 -1.01449151 -1.00317362 -1.21683409 -1.22879321]","[ 2.31460263  0.19660729  1.82647425  1.5049397   1.84948095 -1.36233872
  1.08591289  1.9132547  -1.48289848  0.58616048  1.89584425  0.23639272
  1.31193334  0.73252164 -0.61272789  0.72441231]","[-0.07891842  0.05962155  0.07667479 -0.39192971 -0.02107853 -0.06926675
 -0.89556698 -1.25528686  0.41292554  0.3634994  -0.37467888  0.50129778
 -0.36522862 -1.64603346 -0.70226664 -1.00627739]"
1021,"[96.66081238, 74.71186829, 58.70203781, 45.31394958, 21.28270721, 97.32035065, 66.0406723, 43.08744812, 94.94174957, 71.34687805, 44.16070175, 61.20714569, 44.94926071, 28.77817917, 47.00132751, 28.71958733]","[-27.84016037, -15.625247, -11.31654263, 5.029580593, -4.413218975, -0.5662328005, -3.582351208, 4.269096851, 0.3538243473, -2.299851894, 7.572742939, -0.7452970147, 6.101453304, -1.457986593, -6.218984127, 3.39184165]","[-14.15213966, -7.011940956, 5.814894676, 31.13472557, 4.153921604, 21.86387825, -23.0514164, -37.99362946, -1.75828135, -27.4154644, -59.07836151, -52.29627991, -65.46334076, -102.2059555, -75.01544952, -68.17121124]","[-94.78618622, -17.94260788, -117.3420105, -162.2754517, -173.9694672, -123.2156143, -116.8033676, -47.61295319, -39.92295837, -56.68194962, -6.320555687, -24.50781059, 14.78639412, -78.11771393, -134.460556, -61.46077728]","[1.81866921 1.45478161 1.18935751 0.9673988  0.56898915 1.82960358
 1.31102341 0.93048603 1.79016918 1.39899404 0.94827931 1.23088924
 0.96135269 0.69325523 0.99537353 0.69228385]","[-0.24541005 -0.0429012   0.02853204  0.29953148  0.142981    0.20675949
  0.15675581  0.28692356  0.22201296  0.17801813  0.34169411  0.20379082
  0.31730186  0.19197527  0.11304354  0.2723797 ]","[-0.01847882  0.09989726  0.31255106  0.73232399  0.28501409  0.57862428
 -0.16601833 -0.41374259  0.18699673 -0.2383691  -0.76330258 -0.65086367
 -0.869158   -1.47830722 -1.0275207  -0.9140513 ]","[-1.35529619 -0.08132031 -1.72924515 -2.47418861 -2.66806159 -1.82662258
 -1.72031509 -0.57321963 -0.44572859 -0.7235729   0.11135961 -0.19016363
  0.46128794 -1.07895258 -2.01305044 -0.80280022]"
1242,"[46.5865593, 68.98970795, 44.45194626, 41.91667175, 50.27563477, 81.5682373, 63.36174774, 26.68712044, 79.6336441, 52.62544632, 35.34853745, 53.56224823, 44.73978043, 70.210289, 55.94880676, 26.48830986]","[54.1418457, 82.57188416, 48.62436295, 22.71248436, 36.19797134, 83.60161591, 55.38900757, 29.44137955, 74.87069702, 42.86584473, 32.74515915, 59.56960297, 47.23166275, 54.15636826, 42.2934494, 34.60765457]","[-0.4960511029, 55.37324905, 31.87631607, -12.7566452, 51.0500145, 58.06135941, 13.77021599, -31.91722679, 64.0452652, 5.379840374, -13.11951637, 34.35370636, 21.65279388, -10.08988857, -5.920565128, -1.394163609]","[-55.31814194, 57.37530518, 23.50741196, -8.049283028, 40.81845093, 112.3964615, -14.25164509, -52.08899307, 151.910614, 50.18352509, 4.728897095, 58.24383545, 11.78093624, -11.55341625, 23.44400597, 22.02819061]","[ 0.29002597  0.91714126  0.23027328  0.15930516  0.39329162  1.26924301
  0.7596018  -0.26700476  1.21508933  0.45906821 -0.02455192  0.48529143
  0.23833042  0.95130811  0.55209666 -0.27256992]","[ 5.01515691e-01  1.29733738e+00  3.47068750e-01 -3.78263896e-01
 -7.74323853e-04  1.32616192e+00  5.36426599e-01 -1.89906755e-01
  1.08176357e+00  1.85874677e-01 -9.74264209e-02  6.53451010e-01
  3.08083892e-01  5.01922210e-01  1.69852025e-01 -4.52909214e-02]","[-1.0279238   0.53598548 -0.12174732 -1.37112582  0.41496828  0.61123183
 -0.62857841 -1.90747425  0.77873501 -0.86344418 -1.38128341 -0.05239951
 -0.40792705 -1.29647721 -1.17976833 -1.05306402]","[-2.56251929  0.5920276  -0.35601206 -1.239356    0.12856345  2.1321954
 -1.41297428 -2.47212804  3.23828675  0.39071326 -0.88166557  0.61633975
 -0.68426289 -1.33744469 -0.35778694 -0.39741884]"
1243,"[-34.48464203, -31.20874596, -34.06462479, -36.33204651, -27.59128189, -12.96305943, -24.9196682, -12.24927044, -16.85874557, -24.01056671, -23.76399231, -15.96094322, -27.07289314, -15.20937252, -29.33976936, -15.25484276]","[-24.23437691, -24.97907448, -23.96231651, -14.26809883, -23.17744064, -12.46785164, -26.08677864, -15.72398663, -29.82950211, -29.19184303, -17.38127708, -23.60426903, -10.84627533, -10.22027969, -27.14479637, -23.87664986]","[-72.70511627, 31.31293297, -10.71139145, -57.32279587, 22.37958336, 13.61553478, -94.29470062, -158.7419739, 27.83385658, -61.86906433, -97.0331955, -5.222703934, -30.14909554, -89.46042633, -36.88024902, -82.36000061]","[-2.55965209, 18.99515915, -24.11737442, -62.63936615, -18.52998543, 19.69467354, -41.71313858, -57.85380936, -44.43260193, -75.91101074, -68.90504456, -49.61689377, -13.35982418, -32.95761108, -18.99594116, -27.66674805]","[-0.14184907 -0.03806725 -0.12854274 -0.20037564  0.07653558  0.53996403
  0.16117347  0.56257718  0.416547    0.1899742   0.19778578  0.44498977
  0.09295836  0.46879986  0.02114274  0.46735934]","[0.18288379 0.15929145 0.19150278 0.49861982 0.21636799 0.55565243
 0.1241989  0.45249666 0.00562779 0.02582911 0.39999298 0.20284588
 0.60702467 0.62685649 0.09068044 0.19421674]","[-1.35269031  1.94264673  0.61129785 -0.86537171  1.65963433  1.38198546
 -2.03665773 -4.07837538  1.83242807 -1.00939947 -2.12341444  0.78518186
 -0.00449707 -1.88350582 -0.21774294 -1.65856125]","[ 0.8695485   1.5524143   0.18659048 -1.03380297  0.3636014   1.57457522
 -0.37085098 -0.88219445 -0.45700476 -1.45425444 -1.23230239 -0.62124538
  0.52739435 -0.09347206  0.34883971  0.07414478]"
1244,"[-25.85504913, 9.521624565, -28.23178864, -47.88145447, -18.62609482, -27.11491203, -27.76889038, -31.73603439, -13.52437973, -27.31118202, -48.26791, -16.85398293, -44.39425659, -2.819775105, -5.793471813, -20.57821274]","[47.93935394, 59.81080246, 51.84069824, 58.97974014, 20.6177597, -33.29081345, -15.67136478, 11.04932308, -1.831858993, -8.281905174, 2.925289392, -12.98862171, -14.42963886, -8.516298294, 3.974076509, -0.6672157645]","[45.93199158, -24.4877739, -12.65462494, -44.31920242, -34.71136475, 99.88329315, 115.3318176, 55.45118713, 54.44789886, 68.7897644, 29.42112541, 38.4294548, 44.65977859, 63.7570076, 63.62411118, 36.0624733]","[-27.62900352, 50.66467667, 10.14522266, 9.044429779, 52.149189, 23.11370659, 17.39808464, 7.686169147, 49.03261566, 64.76532745, 70.76541901, 110.5040131, 109.7402039, 66.11291504, 124.6990967, 81.31594086]","[-0.99890664 -0.20759281 -1.05207011 -1.4915985  -0.83720767 -1.02708755
 -1.0417159  -1.13045391 -0.7230913  -1.03147777 -1.50024283 -0.79756866
 -1.41359603 -0.48364816 -0.55016452 -0.88087311]","[ 0.65174408  0.91728746  0.73901028  0.89869806  0.04060818 -1.16523158
 -0.77111557 -0.17342088 -0.46155022 -0.60582638 -0.3551412  -0.71110734
 -0.74334035 -0.61106935 -0.33168168 -0.4354992 ]","[ 0.60684293 -0.9683231  -0.70363642 -1.4119172  -1.19700681  1.81363845
  2.15919471  0.81977055  0.79732876  1.11813101  0.23752395  0.4390244
  0.57838576  1.00555712  1.00258446  0.3860792 ]","[-1.03858687  0.71270475 -0.19364402 -0.21826681  0.74591067  0.09643811
 -0.03141028 -0.24864871  0.67619842  1.02811145  1.16232293  2.05120523
  2.03412017  1.05825461  2.36872423  1.3983195 ]"
1248,"[-1.610706568, -10.52220917, -1.366277933, 6.055603027, -3.175481081, 7.372281075, 3.778933287, 9.516479492, 7.976002216, 12.57212257, 23.36373901, 19.41528893, 35.83974838, 18.5465641, 31.61032104, 50.47901917]","[-68.74946594, -35.46903229, -53.85272217, -41.06905746, -52.9525528, -61.48161697, -64.46298981, -46.54309082, -49.4732933, -50.84431839, -19.92265701, -48.32966232, -25.63105392, -35.29278564, -25.70640564, -14.20203114]","[75.59470367, 117.8339767, 124.9078522, 74.71257782, 114.9658966, 87.93063354, 77.23505402, 91.15629578, 116.024147, 106.3615494, 51.58777618, 38.0904274, 34.96358871, 46.9498024, 81.71495056, 85.56906891]","[74.77758789, 83.73817444, 33.68856812, 26.403368, 41.37014389, 82.99815369, 73.01325989, 62.20809555, 83.5158844, 51.07775116, 58.34864426, 62.76915741, 66.53079224, 103.497673, 136.2747955, 139.8055573]","[-5.91564623e-01 -7.50368865e-01 -5.87208870e-01 -4.54949897e-01
 -6.19449127e-01 -4.31486508e-01 -4.95520476e-01 -3.93276587e-01
 -4.20728111e-01 -3.38824594e-01 -1.46516457e-01 -2.16878398e-01
  7.58078020e-02 -2.32359197e-01  4.38806241e-04  3.36681686e-01]","[-1.78798685 -1.1949248  -1.52252476 -1.29471804 -1.50648361 -1.65847275
 -1.71160124 -1.39226609 -1.44448272 -1.46891458 -0.91788618 -1.42410305
 -1.01961062 -1.19178405 -1.0209534  -0.81594381]","[0.78424675 1.53695659 1.66301406 0.76852714 1.485847   1.00407477
 0.81347803 1.06155653 1.50470517 1.33251631 0.35643989 0.11591522
 0.06019451 0.27379054 0.89331042 0.96199136]","[ 0.76968563  0.92936456  0.03747346 -0.09234984  0.17436024  0.91617728
  0.73824506  0.54569549  0.92540332  0.34735118  0.47691952  0.55569369
  0.62272656  1.28148163  1.8655746   1.92849328]"
1249,"[6.046683311, 16.88223267, 2.915833712, -1.860085845, 31.04535484, 55.45495987, 14.82458591, -7.075984955, 51.97779083, 34.33804321, 14.07851696, 41.20718384, 25.66545105, 8.876515388, 25.40356445, 5.414430141]","[-36.08664703, 6.08784008, -45.93903732, -59.76774216, -31.06952858, 12.5725956, -12.05494213, -28.55728531, 3.22893548, -20.54325867, -34.96259308, -16.68723869, -18.61161041, -15.49098682, -29.31003189, -25.63807487]","[91.57660675, 182.7494965, 72.3002243, 60.02623749, 50.50718307, 35.07474136, -56.30834198, -7.704075813, -6.238427162, -64.53849792, -34.56611252, 29.74569321, -25.93221664, -135.5446167, -122.8650742, -71.89672852]","[237.7006073, 333.0697021, 255.4512939, 195.1839752, 154.002533, 245.0378418, 152.5538177, 129.5885162, 250.8403015, 155.4019623, 122.1073761, 165.1785278, 119.0862503, 4.313672066, 53.94377899, 78.35987854]","[-0.37045072 -0.2554345  -0.40368378 -0.45437878 -0.10509706  0.15400383
 -0.27727582 -0.50974404  0.11709469 -0.07014612 -0.28519513  0.00276781
 -0.16220318 -0.34041287 -0.16498303 -0.3771619 ]","[-0.81768381 -0.37001385 -0.92226408 -1.06905178 -0.76442856 -0.30118005
 -0.56259423 -0.73776182 -0.40036029 -0.65269525 -0.80575231 -0.61176471
 -0.63219136 -0.59906685 -0.74575201 -0.70677525]","[ 0.53742465  1.50519847  0.33281143  0.20252662  0.10148461 -0.06232629
 -1.03233125 -0.51641104 -0.50085361 -1.11969197 -0.80154378 -0.11889259
 -0.70989748 -1.87340136 -1.73881169 -1.19779746]","[ 2.0884886   3.10080392  2.27690699  1.63718686  1.20005778  2.16637121
  1.18468008  0.94091006  2.22796264  1.21491231  0.86149992  1.31868773
  0.82943155 -0.38884613  0.13796308  0.39713291]"
1251,"[61.41787338, 52.8842659, 61.31934738, 42.86772919, 76.63271332, 55.54165649, 63.76791382, 40.05455017, 35.21411514, 47.63706589, 35.55153656, 43.3495369, 33.43878174, 59.31329727, 51.28255844, 48.67567444]","[33.70259857, 65.74217224, 49.38004684, 46.9980011, 69.58680725, 22.97872925, 5.723775387, 9.514493942, 37.33686829, 30.99578476, 37.1424408, 51.56282806, 50.2522049, -3.148093939, 27.37893486, 19.71770287]","[96.92519379, 158.4983521, 150.4487, 107.5329208, 153.2846985, 136.5045013, 114.5518188, 120.790596, 149.6701813, 161.8910675, 122.2540588, 138.8546448, 99.32246399, 38.19726944, 48.81541061, 7.235185623]","[150.8813324, 147.842926, 117.7363968, 31.3512249, 147.1088715, 199.8176727, 166.6554565, 64.18351746, 152.0954742, 124.4202728, 46.28505325, 139.1117096, 61.06513214, 164.4677124, 157.4172516, 121.6327438]","[-0.37161006 -0.53662501 -0.37351527 -0.73031547 -0.07739966 -0.48523887
 -0.32616717 -0.78471411 -0.87831393 -0.63809048 -0.87178919 -0.72099872
 -0.91264367 -0.41230639 -0.56759734 -0.61800684]","[-0.90754223 -0.2879908  -0.60438634 -0.65044812 -0.21364683 -1.11491042
 -1.44857065 -1.37526927 -0.83726611 -0.95988407 -0.84102576 -0.56217775
 -0.58752136 -1.62012659 -1.02982335 -1.17796912]","[ 0.31499743  1.50564181  1.34998513  0.52011977  1.40482503  1.08034521
  0.65584468  0.77648434  1.33493086  1.57124698  0.80478342  1.12579009
  0.3613536  -0.82062847 -0.61530475 -1.41934441]","[ 1.35835097  1.2995971   0.71742508 -0.9530109   1.28540264  2.30463634
  1.66337629 -0.31813061  1.38182892  0.84667165 -0.66423444  1.13076097
 -0.37843104  1.62107173  1.48473649  0.79276901]"
1255,"[23.68545341, 17.49968529, 25.10717201, 29.6434803, 32.59755325, 34.12278748, 28.24619865, 13.96190929, 3.10987401, 7.967162609, 13.15378475, 2.981261253, 15.63332462, 13.47091293, 2.220137119, -2.081716061]","[5.688174248, -1.815755486, 2.721686602, 19.07999992, 2.771457195, 15.11958313, 19.61222458, 22.84039879, 5.525568962, 13.47975731, 17.15270805, 14.96060085, 32.24362564, 25.22985649, 24.90449142, 31.1708107]","[-6.388933659, 156.533493, 25.95421219, -15.17751408, 64.12497711, 49.89323044, 20.2447319, -10.12334061, 255.8275757, 67.10540771, -45.28758621, 39.14556885, -56.66702652, -21.53715515, 2.265647411, -42.59709167]","[43.29177094, 37.95032883, 47.37247467, 36.38786697, 39.5904274, 53.73449326, 50.92472076, 25.94658089, 89.87290192, 67.70559692, 47.74705124, 68.37572479, 76.19856262, 61.10106277, 91.10652924, 41.8562355]","[-0.12816257 -0.26964679 -0.09564426  0.00811262  0.07567976  0.11056574
 -0.02384676 -0.3505647  -0.59877829 -0.48767977 -0.36904856 -0.60171999
 -0.31233519 -0.36179504 -0.61912883 -0.71752313]","[-0.53980602 -0.71143993 -0.60765712 -0.23350098 -0.60651874 -0.32408576
 -0.22132765 -0.14749112 -0.54352521 -0.36159274 -0.27758304 -0.32772209
  0.06758454 -0.09283816 -0.10028008  0.04304654]","[-0.81604012  2.9104092  -0.0762703  -1.01705726  0.79679195  0.47127579
 -0.20686061 -0.90145549  5.18151684  0.86496196 -1.70575102  0.2254495
 -1.96602769 -1.16251839 -0.61808789 -1.64421258]","[ 0.32028366  0.19811132  0.41361971  0.16237386  0.23562454  0.55913522
  0.49486859 -0.07644485  1.38571233  0.87868981  0.42218723  0.89401734
  1.07294549  0.72762736  1.41392852  0.28744932]"
1276,"[-31.46705246, -47.90031433, -25.73253441, -2.450983286, -30.21739578, -58.92210388, -22.40010643, -4.711601734, -67.27133179, -35.99430847, -10.1369772, -37.88322449, -16.147295, -27.95831299, -44.62966156, -20.12548828]","[8.022278786, 2.986016035, 9.232656479, 10.93583584, 1.427123547, 38.14740753, 31.96360207, 19.06076622, 32.81987762, 23.91676903, 13.17286396, 15.73243427, 4.235223293, 37.27493668, 31.47959328, 13.43950748]","[68.6657486, -2.897196054, 24.93373489, 20.56071472, -5.816471577, -66.03684998, -53.81371689, -22.00874901, -81.54472351, -57.70880508, -30.41391754, -64.97568512, -26.47266388, -65.9920578, -85.13594055, -63.09548569]","[-35.98258972, -2.194749117, -2.862794876, -32.39377213, -12.95488739, -154.3296051, -101.9663315, -92.1741333, -54.73840332, -51.82866669, -74.30710602, -38.62790298, -19.82653618, -124.3883286, -92.23108673, -56.39517212]","[-1.34259760e-01 -5.21296875e-01  7.99933818e-04  5.49128345e-01
 -1.04827775e-01 -7.80882686e-01  7.92854664e-02  4.95886131e-01
 -9.77524175e-01 -2.40885950e-01  3.68107381e-01 -2.85373807e-01
  2.26552035e-01 -5.16217294e-02 -4.44266275e-01  1.32857402e-01]","[0.79579521 0.67718086 0.82430209 0.86441547 0.64046574 1.50530395
 1.35966261 1.05577429 1.37982966 1.17014314 0.91710208 0.97738523
 0.70660226 1.48475546 1.34826321 0.92338208]","[ 2.22407364  0.53861912  1.19409478  1.09110116  0.46986417 -0.94844959
 -0.66056967  0.08850274 -1.31369191 -0.752307   -0.10945627 -0.92345697
 -0.01663164 -0.94739464 -1.39827245 -0.87917441]","[-0.24060995  0.55516319  0.53942933 -0.15608591  0.3017398  -3.02792556
 -1.79466277 -1.56403637 -0.68234793 -0.61381765 -1.14323113 -0.30291252
  0.13989834 -2.32274692 -1.56537774 -0.72136825]"
1286,"[-17.60872269, -27.09021378, -24.59840012, -16.9162674, -7.271533966, -22.59826088, -18.36416245, -13.30729961, -26.95579529, -20.74345589, -18.71149254, -10.03381634, -7.702563286, -13.76790047, -16.53613091, -17.89029312]","[-28.19775009, -8.615341187, -16.77063751, -24.58046722, -14.73970222, -3.293408155, -18.58121872, -29.29137611, -16.32877541, -32.25809479, -40.85819244, -36.36429596, -32.81830597, -14.0916481, -29.51121712, -45.12480164]","[53.43724823, 32.3272171, 32.91614532, 107.1496658, 83.73806, 148.9331665, 73.01777649, 47.20667267, 95.83217621, 79.22649384, 97.9395752, 103.9906616, 108.5246582, 72.21206665, 73.79481506, 23.73095512]","[-58.03206253, -97.01122284, -60.30073547, -40.83822632, 0.2700685263, -36.00231934, -36.27335358, -80.7182312, -65.59600067, -46.24390411, -82.01687622, -25.45249748, -53.46038055, -25.06990051, -58.33981323, -89.61363983]","[-0.2433551  -0.42026774 -0.37377365 -0.23043476 -0.05047622 -0.33645358
 -0.25745065 -0.16309598 -0.41775966 -0.30184526 -0.26393139 -0.10201692
 -0.05851869 -0.17169021 -0.22334189 -0.24860885]","[-0.44093297 -0.07554997 -0.22771749 -0.37343904 -0.1898228   0.02375058
 -0.26150065 -0.46133865 -0.2194729  -0.51669387 -0.67716082 -0.59331039
 -0.5271467  -0.17773093 -0.4654406  -0.75677036]","[1.08227293 0.68838643 0.69937508 2.08447876 1.64764778 2.86410608
 1.44762084 0.96601826 1.87330871 1.56346766 1.91263011 2.02553573
 2.11013438 1.43258731 1.4621194  0.52799104]","[-0.99760353 -1.7249054  -1.0399341  -0.67678828  0.09024055 -0.58655637
 -0.59161352 -1.42089877 -1.13873706 -0.7776514  -1.44512985 -0.38971002
 -0.91230173 -0.38257125 -1.00334577 -1.58687585]"
1294,"[-12.24464226, 46.15240097, 17.59053993, -4.575098038, 1.113653064, 77.35036469, -0.4354981184, 25.58206558, 20.82844925, 7.264602184, 3.915601492, 10.48020744, -2.234869242, 6.623756886, 20.83132553, 12.87819004]","[11.53858948, -45.30544281, -17.06224251, 17.58857727, 1.333085418, -15.41104889, 0.6462414265, 5.223577976, -31.46898651, -20.9162159, 10.61242867, 13.09290504, 24.29285431, -43.50041199, -23.65256691, 2.385458946]","[160.6146545, 15.9882288, 94.88001251, 112.3079147, 42.36632156, -43.15452194, 65.06653595, 40.10245132, 50.88394165, 65.59989929, 91.62585449, 53.43766022, 60.42169952, 157.6309052, 94.60997772, 75.9936676]","[48.34331894, 1.973062396, -15.66090584, -36.9306221, -62.40480042, 210.3596802, 56.28975677, 11.01837921, 50.72495651, 45.34570312, 20.5350399, 11.19607258, -25.01480675, -28.68296432, 48.58086395, 48.02895737]","[-0.75496371  0.40798625 -0.16080993 -0.6022283  -0.48893947  1.02927919
 -0.51979009 -0.00166241 -0.09632847 -0.36644618 -0.43313997 -0.30240889
 -0.55562373 -0.37920831 -0.09627119 -0.25465419]","[-0.28133171 -1.41335417 -0.85090398 -0.16084901 -0.48456957 -0.81802122
 -0.49824775 -0.40709222 -1.13780758 -0.92765406 -0.29977577 -0.25037824
 -0.02733646 -1.37740783 -0.98214722 -0.46361205]","[ 2.6874488  -0.19271921  1.37837397  1.72544254  0.33258824 -1.37051959
  0.78465245  0.28750432  0.50221268  0.79527413  1.31356893  0.5530688
  0.69215269  2.62802882  1.37299636  1.0022612 ]","[ 0.45161736 -0.47182473 -0.82299701 -1.24657351 -1.75387993  3.67809785
  0.60986698 -0.29169145  0.49904657  0.39192124 -0.10217158 -0.28815277
 -1.00927559 -1.08232525  0.45634796  0.445357  ]"
1301,"[22.5697937, 7.172519207, 18.64610863, 22.34007263, 24.60044289, -85.65962982, -19.69186783, 8.563064575, -47.71214676, 9.910738945, 18.76545715, 20.61644554, 17.73502159, -58.17182922, -13.90924168, 2.815426588]","[21.76973343, 27.69737244, -1.884989262, -11.84426403, -4.28166151, 69.49810028, 31.84753036, -5.025168419, 39.4238205, -7.622186661, -21.12156296, -2.811158895, -21.61580658, 17.3280735, 0.75958848, -11.49402332]","[-223.9159851, -30.17876434, -98.8952713, -83.80654907, -76.23313904, 180.0278778, -109.2192688, -132.1220703, 116.5298996, -56.27802658, -52.33762741, -27.53957176, -32.66799927, -120.0662613, -50.46992874, 1.39666903]","[17.70433426, -127.939415, -54.53184509, -16.59829903, -82.64675903, -577.6485596, -154.4035492, 25.58893204, -372.7524109, -83.57516479, 5.068813324, -16.06993103, 3.103266716, -278.9351501, -136.9416809, -25.71880341]","[ 0.59484188  0.4500123   0.55793498  0.59268108  0.61394253 -0.42318383
  0.19732097  0.46309202 -0.06624288  0.4757685   0.55905759  0.57646833
  0.54936513 -0.16462856  0.25171341  0.40902869]","[0.58731636 0.64307282 0.36481572 0.27113697 0.34227219 1.03625809
 0.68210996 0.33527863 0.75337393 0.3108506  0.183873   0.356104
 0.17922406 0.5455373  0.3896911  0.2744314 ]","[-1.72364834  0.09867931 -0.54768069 -0.40575342 -0.33451654  2.07592135
 -0.6447901  -0.86021803  1.47864778 -0.14681511 -0.109751    0.12350404
  0.07526511 -0.74681889 -0.09218308  0.3956836 ]","[ 0.54907648 -0.82087521 -0.13039021  0.22641965 -0.39484422 -5.05092149
 -1.06980168  0.62324044 -3.12363092 -0.40357697  0.43022446  0.23138957
  0.41173617 -2.24116865 -0.90555216  0.14063052]"
1302,"[23.76545906, -0.4856818318, 18.36814117, 31.10481262, 16.55833817, 23.14249039, 26.21053886, 29.79326248, 4.77923727, 16.02903175, 26.22047997, 21.27687073, 16.00545311, 15.21675014, 7.469766617, 5.231642723]","[32.67705917, 34.10157013, 28.68838501, 17.13955307, 20.8559494, 31.33577347, 49.33107758, 49.62327576, 32.09212112, 35.83015442, 27.2968502, 18.7297821, 5.98906374, 40.02679062, 27.33447075, 20.16764259]","[160.6029968, 123.801033, 163.0672302, 154.1659546, 96.70547485, 130.9234161, 136.8703613, 200.7944183, 89.1416626, 141.0457764, 185.9850006, 91.78314972, 120.5048447, 42.61502075, 69.70800018, 120.1573486]","[77.46017456, 82.06275177, 82.26948547, 87.32107544, 74.28653717, 95.6754303, 130.760437, 166.9487457, 87.87586212, 120.5719223, 162.8603363, 62.5117569, 125.4648972, 90.36669159, 111.0182114, 112.5125198]","[-0.85208918 -1.30364779 -0.95258777 -0.71542971 -0.98628648 -0.86368892
 -0.80656156 -0.7398509  -1.20561448 -0.99614221 -0.80637646 -0.89842694
 -0.99658125 -1.01126698 -1.15551656 -1.19719065]","[-0.68615432 -0.65962979 -0.76042382 -0.9754642  -0.90626454 -0.71112919
 -0.37605488 -0.37061412 -0.69704593 -0.62744338 -0.78633434 -0.94585398
 -1.1830874  -0.54930161 -0.78563384 -0.91908088]","[ 1.69583908  1.01058294  1.74172335  1.57598073  0.50606101  1.1432024
  1.2539351   2.44420726  0.36522209  1.33168174  2.16845446  0.41440683
  0.94920759 -0.50110851  0.0033654   0.94273718]","[ 0.14771164  0.23341208  0.23726148  0.33132258  0.08861821  0.48688148
  1.14016771  1.81399754  0.34165276  0.95045658  1.73787096 -0.13062935
  1.04156425  0.38803224  0.77256555  0.80038972]"
1303,"[53.87969208, 42.19022751, 26.55220604, 11.50993443, 15.71977997, 50.5741539, 47.40986633, 12.97105122, 25.5212822, 26.24739075, 4.344258308, 21.14520645, 8.131231308, 48.95421982, 40.80038071, 8.603914261]","[2.51592803, -21.70601082, -2.50141263, 20.00211334, 11.50942421, -22.68174171, 4.655976772, 11.81064987, -33.66004181, -9.551198006, 1.995024085, -12.5955267, 3.349610329, -3.061655283, -10.1112566, -7.44604063]","[36.88401794, 33.21344757, 69.85262299, 54.18267822, -50.89863205, -34.82859802, 52.87588501, 9.889448166, -17.60941124, 36.93109894, -6.960940838, -49.19356537, 4.237486362, 114.5180054, 96.3500824, 41.32566071]","[-159.6807556, -105.1322021, -129.5097961, -65.10180664, -48.93660355, -243.7458954, -262.3717346, -136.2222443, -145.3143005, -221.5144196, -133.0031128, -99.13111877, -80.48118591, -255.758194, -196.2093353, -115.3043823]","[0.94420941 0.80509844 0.6189975  0.4399863  0.49008575 0.90487171
 0.86721497 0.45737438 0.60672894 0.61537003 0.35471087 0.55465127
 0.3997779  0.88559362 0.78855851 0.40540308]","[ 0.33295274  0.04469853  0.27324367  0.54104784  0.43998023  0.0330868
  0.35842048  0.44356498 -0.09756093  0.18934739  0.3267537   0.15311823
  0.34287401  0.26657647  0.18268239  0.21439991]","[ 0.74195166  0.69826988  1.13429595  0.94781511 -0.30270951 -0.11146738
  0.93226356  0.42070163  0.09345028  0.74251195  0.22017286 -0.28241829
  0.35344022  1.66583824  1.4496301   0.79480962]","[-1.59727581 -0.94811842 -1.23822502 -0.47173499 -0.2793603  -2.5976966
 -2.81935419 -1.3181068  -1.4263072  -2.33312997 -1.27979739 -0.87670228
 -0.65475795 -2.74064947 -2.03198573 -1.06917289]"
3116,"[101.7697983, 132.3691101, 110.8046799, 76.88580322, 114.1654053, 95.74649048, 68.46955109, 45.23481369, 126.504158, 76.5112915, 51.75754547, 100.8413467, 58.72469711, 29.58388138, 38.58003235, 0.6904661059]","[95.03518677, 74.58235931, 68.18630219, 43.61714554, 48.34299088, 104.7858963, 67.5271225, 36.54832077, 58.75901031, 49.3774147, 36.98198318, 51.05915451, 42.65784454, 79.06264496, 65.02436829, 42.14489746]","[74.52457428, 62.22457123, 140.6885529, 182.7407837, 247.1991425, 115.2922974, 88.30440521, 52.07938766, 132.8006744, 115.2183685, 87.00595856, 209.2945557, 133.2956848, 23.20183945, 74.90202332, 21.7597065]","[79.9407959, 93.78042603, 88.23783875, 53.24013519, 134.0534973, 82.83621979, 8.997645378, -45.72599411, 106.4802017, -20.63929176, -48.07407379, 87.33089447, 16.10048103, 11.90639591, 10.25389862, -30.73437691]","[ 0.56604697  1.13969167  0.73542372  0.09954719  0.79842717  0.45312813
 -0.05823212 -0.4938133   1.02974153  0.09252623 -0.37153177  0.5486413
 -0.24091871 -0.78722102 -0.61857035 -1.32888532]","[ 0.43979333  0.05636457 -0.06354219 -0.52413969 -0.43554436  0.6225897
 -0.07589981 -0.65665881 -0.24027544 -0.41615204 -0.64852895 -0.38462449
 -0.54212369  0.1403564  -0.1228189  -0.5517399 ]","[ 0.05528128 -0.17530664  1.29565611  2.08400846  3.29240807  0.819553
  0.3136115  -0.3654982   1.1477822   0.81816705  0.28926955  2.58181151
  1.15706215 -0.90686504  0.06235731 -0.93390068]","[ 0.15681908  0.41627036  0.31236358 -0.34373769  1.17126885  0.21109954
 -1.17315079 -2.1990538   0.65435281 -1.72875388 -2.24307321  0.29536112
 -1.03999407 -1.1186205  -1.14959984 -1.91800624]"
3122,"[-68.378685, -86.19502258, -63.7998848, -26.6906147, -35.1104393, -181.541214, -113.8721695, -30.50565529, -153.1356812, -94.73990631, -33.36423492, -60.80530167, -32.05754852, -108.0759277, -95.77280426, -37.82711029]","[-43.58923721, -65.61351776, -47.07971954, -22.86091232, -43.19477844, -42.609478, -18.7859726, 11.03785324, -38.57201385, -26.12875748, -1.961674809, -27.2323246, -24.03515625, 11.16490746, 1.773301363, 5.422897339]","[-132.348587, 139.4496918, 54.36083221, 1.274892449, 105.7557831, 29.90634727, 29.41555786, -76.3310318, 268.2789001, 121.5497513, -9.324385643, 133.8491974, 80.69711304, 113.5214233, 136.6444702, 15.41003418]","[-115.9143829, -5.067356586, -60.69513702, -74.16013336, -13.40041637, -94.44122314, -135.3094025, -115.9944153, -10.76995087, -87.22494507, -79.52963257, -24.60186577, -69.35064697, -145.3720245, -108.83284, -44.65746307]","[-0.50734747 -0.7290898  -0.45035968  0.0115027  -0.09329053 -1.91576952
 -1.07355987 -0.03597934 -1.56223396 -0.83543952 -0.07155725 -0.41308906
 -0.05529422 -1.00141978 -0.84829497 -0.12710225]","[-0.19881774 -0.47293217 -0.24226032  0.05916722 -0.1939083  -0.18662365
  0.10988396  0.48107162 -0.13637332  0.01849558  0.31927935  0.00476057
  0.04455256  0.48265293  0.3657649   0.41118781]","[-1.30351756  2.07928674  1.02026988  0.3595617   1.65993199  0.71590909
  0.70980072 -0.60632247  3.68269645  1.85650388  0.22764297  2.00958292
  1.34805151  1.75658323  2.04437292  0.53548783]","[-1.09897728  0.280626   -0.41171795 -0.57930344  0.17691265 -0.8317221
 -1.3403679  -1.09997336  0.20965145 -0.74190823 -0.64613229  0.03749929
 -0.51944452 -1.4656074  -1.01084032 -0.21211289]"
3125,"[-36.84485245, 11.40705299, 18.98509789, 33.78143311, 59.44491577, -21.80601883, 4.039949894, 33.27114105, 3.948897362, 10.59707355, 20.03392029, 34.44139481, 18.07676888, 19.8269062, 19.36215782, 23.56064034]","[23.69557571, 37.56196594, 46.72462845, 23.2247715, 55.12376404, -9.813374519, 26.72286415, 39.03328323, 6.40722084, 30.79918861, 47.48411179, 45.62474442, 63.18963242, 16.45377159, 11.79767227, 27.82886505]","[-14.44803715, 36.63545609, 5.544222832, -25.02674866, 68.45876312, -88.03672028, -71.20977783, -10.83187199, -37.32133102, -18.94412231, 21.85399628, -3.671731949, 27.17792702, -34.27392578, -55.52375793, -28.64731216]","[-167.2400208, -257.8990173, -102.5196457, 73.10551453, 57.70488358, -148.8904572, -72.18653107, 1.507223368, -269.6026611, -104.451828, -38.98828888, -22.02035141, -28.60037804, 25.29661942, -5.078538418, -9.19039917]","[-0.42377661  0.30135616  0.41523951  0.6375998   1.02327228 -0.19777204
  0.19064286  0.62993109  0.18927451  0.28918374  0.43100128  0.64751774
  0.40158908  0.42789026  0.42090599  0.48400106]","[ 0.48602888  0.69441389  0.83211098  0.4789536   0.95833373 -0.0175458
  0.53152316  0.71652494  0.22621836  0.59278243  0.84352454  0.81558185
  1.07954813  0.37719857  0.30722641  0.54814422]","[-0.08719581  0.68049024  0.21324917 -0.24617338  1.15873296 -1.19309132
 -0.94021494 -0.03285185 -0.43093716 -0.15476327  0.4583535   0.0747512
  0.53836188 -0.38514055 -0.70448441 -0.30058344]","[-2.38336366 -3.74579295 -1.41074167  1.22856465  0.99712296 -2.10760523
 -0.95489365  0.15258088 -3.92167607 -1.43977863 -0.45598831 -0.20099304
 -0.29987811  0.51008947  0.05360962 -0.00818369]"
3140,"[-50.20427322, -40.13993073, -25.10838509, -26.84001923, -7.377095699, -52.51841736, -26.91709709, -12.1523695, -26.43972778, -10.51708221, -10.00463581, -2.228428602, -0.442183435, -4.82716465, -10.19074726, -5.763260841]","[124.7542877, 103.3961563, 93.27868652, 71.0612793, 101.6971893, 144.803421, 131.3776855, 106.5647278, 131.1407776, 122.5002136, 97.16602325, 112.9933853, 80.8221817, 121.2386856, 155.7657928, 116.7250061]","[67.72489166, 87.59262848, 73.34068298, 56.7818985, 80.5644455, 40.8654747, 9.853469849, 88.30354309, 47.00141525, 58.07107162, 97.21089935, 71.29560089, 86.13600159, -17.06351662, 56.49473953, 130.074707]","[-26.11748695, -10.37687397, -14.82385826, 15.93052673, 0.7584810853, -46.85313416, -63.97319031, 16.63603973, 11.74494648, 3.328980207, 38.03240204, 58.54153061, 64.83142853, -77.01732635, -29.85131073, 20.72089577]","[-1.47217672 -1.30617864 -1.05825309 -1.08681412 -0.76579882 -1.51034548
 -1.08808541 -0.84456068 -1.08021184 -0.81758877 -0.80913664 -0.68087834
 -0.65141658 -0.72374107 -0.8122063  -0.73918074]","[1.41353435 1.06126009 0.89438575 0.52793888 1.03323787 1.7442184
 1.52277857 1.11352151 1.51887109 1.37635636 0.95850225 1.21955375
 0.68893211 1.35554912 1.92502828 1.28110192]","[ 0.47290956  0.80060171  0.56553464  0.2924193   0.68468109  0.02989885
 -0.48160334  0.81232731  0.1311031   0.31368251  0.95924243  0.5318037
  0.77657657 -0.92556358  0.28768299  1.50128766]","[-1.0748969  -0.81527622 -0.88862337 -0.38137028 -0.6316132  -1.41690409
 -1.69927687 -0.36973378 -0.45040592 -0.5892162  -0.01682896  0.32144211
  0.42518569 -1.91442272 -1.1364814  -0.30235946]"
3143,"[-68.23762512, -93.90345001, -55.16176224, -3.955751181, -29.69924545, -67.52253723, -44.26992416, -2.501914978, -75.26052856, -33.10963821, 5.926271915, -23.52998161, 12.83632278, -10.93585396, -22.43340492, 19.26371765]","[-15.32688713, -104.170166, -75.95948792, -40.37698364, -90.77881622, -36.5371933, 3.7407341, 27.86523247, -69.33056641, -19.80348396, 8.366086006, -29.97328377, -11.51190281, -17.45594597, -22.70443916, -3.510822773]","[-134.9592133, -192.4930878, -125.8371964, -112.4629364, -73.64517212, -102.0366669, -33.1671257, 46.20414352, -193.4532471, -19.51596451, 39.6403923, -98.40667725, -15.46574211, -38.58856583, -74.12532806, -20.07406807]","[-1.150395036, -162.111557, -28.97724533, 100.9972, 0.5278602839, -36.07862854, 36.43498993, 59.80368805, -204.1229706, -11.92823124, 113.1896057, 10.97228241, 177.7908936, 45.99686813, 4.557727814, 43.89183807]","[-0.54276589 -0.91758075 -0.3518105   0.39598443  0.02003531 -0.532323
 -0.19274985  0.41721575 -0.64532595 -0.02976889  0.54029808  0.11012912
  0.64121008  0.29404941  0.12614314  0.73507354]","[ 0.22992428 -1.06751233 -0.65553331 -0.13589869 -0.87194967 -0.07982372
  0.50838124  0.8606871  -0.55872683  0.1645496   0.57592829  0.01603335
  0.28563699  0.19883224  0.12218505  0.40248201]","[-1.51714496 -2.35734982 -1.38393017 -1.18861709 -0.62173584 -1.03635544
 -0.03060841  1.12850223 -2.37137166  0.16874844  1.03264747 -0.98334433
  0.22789649 -0.10978126 -0.62874788  0.16059809]","[ 0.43695288 -1.91366842  0.03057915  1.92868113  0.46146154 -0.073127
  0.98583688  1.32710529 -2.52718862  0.27955708  2.10673482  0.61398828
  3.05014975  1.12547525  0.52031234  1.09473412]"
3166,"[-4.100542068, -19.1989975, 5.511033535, 4.709847927, 4.376935005, -19.31699371, 6.918493748, -15.41298485, -25.81139755, 3.613445282, -0.1506385356, -2.014966488, 3.448526144, 4.811593533, -2.993483305, 1.64279151]","[10.61131191, 10.81158257, 19.7692585, 16.30438614, 24.42960739, 40.90283966, 44.74718857, 32.54791641, 19.29899979, 31.08234215, 24.63361549, 22.35957146, 17.31774521, 42.05770111, 26.63746643, 21.3682766]","[160.9756927, 197.7352448, 150.2249908, 116.017952, 124.339859, 28.51806068, 14.70696449, 100.8778152, 186.997345, 145.829422, 149.2950592, 183.0140076, 165.847702, -70.08184052, 126.4398193, 190.5314331]","[158.3815155, 235.5819397, 167.0561218, 98.73595428, 172.7674408, -73.55886078, -37.62534332, 117.5639877, 167.8192596, 128.9946899, 123.39785, 160.1939392, 123.4933624, -116.0871582, 146.6967773, 205.3755646]","[-0.83936671 -1.02524936 -0.72103507 -0.73089876 -0.73499737 -1.02670205
 -0.70370731 -0.97863836 -1.10665705 -0.74439698 -0.790738   -0.81369043
 -0.74642736 -0.72964613 -0.82573731 -0.76865842]","[-0.65824366 -0.65577806 -0.54549681 -0.58815413 -0.48812154 -0.28531351
 -0.23798432 -0.38817405 -0.55128634 -0.40621727 -0.48560992 -0.51360652
 -0.57567829 -0.27109559 -0.46093978 -0.52581071]","[ 1.19294758  1.64550796  1.06059174  0.63945629  0.74191035 -0.43778709
 -0.60782058  0.45306049  1.51330973  1.00647627  1.049143    1.46426939
  1.25292868 -1.65168677  0.76776373  1.55681918]","[ 1.16100971  2.11145256  1.26780599  0.42669125  1.33812014 -1.69449365
 -1.25210288  0.6584901   1.27720126  0.79921768  0.73031293  1.18332313
  0.73148882 -2.21807517  1.0171546   1.73957075]"
3167,"[51.47997284, 132.5477905, 112.4822998, 54.65329742, 120.7580109, 83.2130661, 31.11696243, 9.198431015, 64.76795197, 49.50815964, 22.17811012, 68.10578918, 46.02803802, 6.483542442, 14.77649403, -6.470880508]","[40.69653702, 18.26778221, 48.67729568, 37.15486145, 48.6585083, 38.64095688, 46.60077286, 13.74662399, 75.40293121, 71.41365814, 26.84264183, 57.58196259, 36.82022095, 23.58678627, 51.40004349, 13.00000286]","[116.0841217, 58.05400848, 114.2832184, 125.9452744, 53.54506683, -22.67703629, 29.59264565, 36.95664215, -57.85506821, 48.34334564, 109.5750122, 3.567649364, 137.0431213, -71.49463654, 5.979595661, 7.980633259]","[190.3468933, 70.67311096, 187.5699921, 239.4660492, 125.407074, 200.3801575, 135.6751556, 90.30921936, 268.5799866, 213.3794861, 147.2358398, 243.5827026, 145.8070679, -5.599794865, 83.04232025, 4.360358238]","[-0.27719839  0.87360104  0.58876106 -0.23215141  0.70623904  0.17326921
 -0.56626181 -0.87740666 -0.08856868 -0.30518929 -0.69315342 -0.04118636
 -0.35459141 -0.9159459  -0.79822318 -1.0998406 ]","[-0.43027482 -0.74866254 -0.31698384 -0.48055072 -0.31725053 -0.45945483
 -0.34646115 -0.81284271  0.06240033  0.00577054 -0.62693799 -0.1905775
 -0.48530112 -0.67315654 -0.27833303 -0.82344138]","[ 0.63989078 -0.18387657  0.61432603  0.77987492 -0.24788332 -1.32989533
 -0.58790027 -0.48336455 -1.82926562 -0.32172443  0.54749062 -0.9573385
  0.93741458 -2.02288631 -0.92309968 -0.89469392]","[ 1.69408908 -0.00474191  1.65466953  2.39136079  0.77223489  1.83651643
  0.9179956   0.27400276  2.80464813  2.02104859  1.08210546  2.44979881
  1.06182331 -1.08747509  0.17084539 -0.94608559]"
3170,"[-30.5406971, -19.86733627, -20.09571075, -18.88542366, -19.86655426, -25.48260689, -37.15764618, -23.11876106, -32.08933258, -38.85291672, -28.00271225, -29.03095436, -19.19138908, -22.29630852, -33.15632629, -19.83527184]","[-20.94252014, -33.97572327, -29.77109909, -33.03450394, -39.75960541, -26.73877525, -26.95008278, -25.9629097, -44.7549324, -34.57310104, -33.57704544, -42.01899719, -36.97645187, -27.54838943, -30.78298569, -23.11384773]","[18.71623039, 72.25247192, 75.8212204, 112.9518509, 87.8928299, 17.25763702, 15.91932487, 41.23825836, 62.75819778, 67.41629028, 99.71640778, 97.11945343, 129.526535, 11.7905302, 22.87987709, 35.29962158]","[88.63920593, 51.13034058, 104.9359055, 110.2881927, 39.05906296, -4.622837543, 49.58703995, 90.01271057, 41.46244431, 82.10439301, 114.9751892, 56.67441559, 63.63745117, -7.2182827, 42.54891968, 80.19120026]","[-0.89576397 -0.69170583 -0.69607199 -0.67293318 -0.69169087 -0.79906111
 -1.0222698  -0.75386804 -0.92537148 -1.05468075 -0.84724163 -0.86690002
 -0.67878276 -0.73814402 -0.94577075 -0.6910928 ]","[-0.71226168 -0.96143636 -0.88105045 -0.9434417  -1.07201523 -0.82307711
 -0.82711698 -0.80824376 -1.16751816 -0.97285729 -0.95381425 -1.11521131
 -1.01880564 -0.83855568 -0.90039615 -0.7537741 ]","[ 0.04595227  1.06948237  1.13771132  1.84759152  1.36850182  0.01806622
 -0.00752024  0.4765386   0.88796654  0.97702206  1.59455033  1.54490058
  2.16447384 -0.0864564   0.12555475  0.36300105]","[ 1.38277137  0.6656599   1.69433905  1.7966665   0.43487575 -0.4002546
  0.63615438  1.40903065  0.48082468  1.25783586  1.88627462  0.77165404
  0.9047765  -0.44987549  0.50159641  1.22125857]"
3173,"[7.275380611, 0.8059898615, 33.77226257, 25.40009689, 15.10789967, -27.424963, 12.87854576, 16.55957603, 17.07652664, 48.47442627, 29.77343178, 35.69460678, 16.25442886, -4.041584492, 31.16909409, 21.97670364]","[-51.41147614, -86.32067108, -88.70362091, -54.58338547, -93.56666565, -12.8062315, -24.38961792, -13.79902554, -51.66654587, -66.42045593, -29.88157272, -61.43852234, -28.21262741, 29.58247185, 11.53524876, 4.876170635]","[49.57849884, -85.51546478, -5.942927361, 52.0270462, 70.04941559, 94.39144897, -23.82217216, -16.4205265, 19.35635567, -1.516327858, -13.8214159, 29.82097435, 53.37427139, -27.11154938, -8.099096298, 21.32065392]","[-95.86240387, -0.7493422627, -40.16441727, -0.8086001873, 41.84857178, -77.50662994, -107.9051285, -57.44318771, 70.0297699, 67.69562531, 29.36094856, 88.96028137, 52.94261551, -133.0297394, -56.98996353, 16.80916977]","[ 0.24848933  0.11943518  0.77706037  0.61004886  0.40473574 -0.44372785
  0.36026364  0.4336944   0.44400675  1.07034537  0.69729     0.81540811
  0.42760719  0.02273371  0.72513126  0.54175756]","[-0.922221   -1.61860443 -1.66614052 -0.98549559 -1.76315061 -0.15210719
 -0.3831775  -0.17191187 -0.92730923 -1.22162649 -0.49273335 -1.12224477
 -0.45944052  0.69348065  0.33346699  0.20062887]","[ 1.09236988 -1.60254183 -0.01519509  1.14121454  1.50073242  1.98631763
 -0.37185785 -0.22420668  0.48948575  0.0731086  -0.17235852  0.6982384
  1.16808956 -0.43747574 -0.05820726  0.5286704 ]","[-1.80894697  0.08840875 -0.69785989  0.08722665  0.93817002 -1.4427782
 -2.04918035 -1.04254414  1.50034052  1.45377801  0.68906161  1.87797439
  1.15947871 -2.55037675 -1.03350303  0.4386734 ]"
3176,"[64.61136627, 43.45739365, 33.09560394, 14.32245541, -4.760677814, 43.85002899, 15.77398014, -0.8357641697, -4.491341114, -23.1072197, -8.132864952, -31.94376564, -9.133150101, -23.23507309, -36.26805115, -6.40294075]","[72.61385345, 58.44295883, 38.45046616, 28.23427391, 7.865813255, 52.69896317, 57.58378601, 30.7704258, 38.57273865, 21.94823074, 18.62944794, -13.60838032, 0.3795057833, 21.19300079, 13.78422546, 11.84015083]","[2.01250267, 101.418457, 21.10451317, 4.819747925, -1.663046718, 14.83335209, -74.67107391, -51.56010437, -34.2155838, -111.3654709, -46.69281769, -139.9738312, -36.61672592, -112.7360229, -171.7962189, -59.5555954]","[-44.83370209, -51.1868782, -67.83452606, -79.21936035, -117.1510239, -102.1362534, -106.7800446, -134.4448547, -88.08453369, -68.78125763, -124.6053391, -82.24597168, -124.1852417, -33.54102707, -71.25688171, -105.9971161]","[ 1.47390399  1.12430752  0.95306568  0.64281538  0.32744218  1.13079632
  0.66680368  0.3923064   0.33189331  0.0242421   0.27171247 -0.12179313
  0.25518148  0.02212916 -0.19325748  0.30030168]","[1.60615533 1.37196316 1.04156163 0.87272598 0.5361111  1.27703628
 1.35776423 0.91463914 1.04358234 0.76884108 0.71399394 0.18122257
 0.41239029 0.75635993 0.63392044 0.60179212]","[ 0.43937766  2.08218826  0.75489756  0.48577098  0.3786345   0.6512586
 -0.82791658 -0.44597823 -0.15933783 -1.43433845 -0.36554009 -1.90712822
 -0.19901978 -1.45698858 -2.4330339  -0.57811396]","[-0.33481583 -0.43981019 -0.71493388 -0.90308284 -1.52995212 -1.28181382
 -1.35855841 -1.8157548  -1.04959117 -0.73057983 -1.65314422 -0.95310146
 -1.64620157 -0.14818992 -0.77149269 -1.34561952]"
3189,"[32.21287918, 25.85041428, 44.61516571, 51.13476562, 44.72322464, 13.2948494, 27.07903671, 62.26234818, 19.18955421, 65.67723846, 83.29748535, 82.82206726, 71.00876617, 27.88176918, 72.21123505, 85.95853424]","[50.28915787, 87.27947998, 78.03282928, 62.77177811, 106.0895538, 87.62426758, 63.63053131, 61.99139786, 115.766861, 102.112587, 85.95159912, 114.18927, 90.47975922, 60.96763611, 103.2441406, 87.8704071]","[-31.21134186, -116.8679657, 0.59580791, 70.81732178, -29.48892593, -179.2304688, -8.457280159, 74.96535492, -197.6313324, 34.59408188, 150.4756622, 43.43495941, 122.2846069, 50.02844238, 61.17620468, 127.997757]","[6.69101572, -12.12928963, -24.48030663, 4.564119816, -54.67946625, 166.1397705, 64.98064423, 57.15048218, 44.39055634, -29.01946449, 13.79578686, -66.88012695, -9.218187332, 19.71969032, -70.36346436, 6.505050659]","[-0.09209735 -0.18667093  0.09225396  0.18916325  0.09386018 -0.37330062
 -0.16840832  0.35456697 -0.28567996  0.40532692  0.66723956  0.6601728
  0.48457635 -0.15647627  0.50245021  0.70679419]","[0.17659388 0.72642912 0.58898413 0.36213929 1.0060277  0.73155415
 0.37490406 0.35053948 1.1498741  0.94691287 0.7066911  1.12642431
 0.77399903 0.33532198 0.96373263 0.73521284]","[-1.03485399 -2.30807974 -0.56206298  0.48173066 -1.00925149 -3.23505469
 -0.69663079  0.54338827 -3.50857065 -0.05670244  1.66579613  0.07471102
  1.24675583  0.17271853  0.33842221  1.3316778 ]","[-0.47146198 -0.75121264 -0.93480187 -0.5030768  -1.38369123  1.89863213
  0.39497254  0.27858266  0.0889153  -1.00227327 -0.36585453 -1.56504551
 -0.70794115 -0.27779985 -1.61682288 -0.47422622]"
3190,"[-32.45125961, -31.08178139, -17.72219467, 4.928220272, -27.86473846, -31.9771328, -31.59375954, -1.202792883, -19.9008255, -21.65579033, -5.54801321, -70.12248993, -26.16212082, -11.31430149, -5.066508293, -9.464046478]","[66.28201294, 71.2901535, 65.75778961, 48.20845413, 77.49185944, 21.02194405, 40.33745193, 33.05978775, 49.53887177, 35.32910919, 17.32157707, 96.64897156, 25.58778954, -1.530642509, -27.90657806, -23.45319557]","[29.03314781, 97.50900269, 45.82409286, -15.6963892, 35.72905731, 120.7443542, 116.7456512, 40.44936752, 228.5407562, 165.6134491, 14.7821846, 144.4082184, -32.7968483, 85.86252594, 152.8826141, 41.61289215]","[34.52602768, 356.1077271, 203.5786133, 64.62768555, 243.3049011, 313.1018982, 194.850174, 32.56071091, 619.4724731, 445.0671387, 99.17511749, 580.9467773, 60.08728409, 101.1698074, 308.7277527, 31.27535439]","[-0.82723446 -0.8172935  -0.72031706 -0.55589906 -0.79394118 -0.8237928
 -0.82100992 -0.60040372 -0.73613161 -0.7488708  -0.63194541 -1.10068765
 -0.78158198 -0.67380255 -0.62845019 -0.66037166]","[-0.11053557 -0.07418177 -0.11434087 -0.24173044 -0.02916396 -0.43907569
 -0.29886557 -0.3516937  -0.23207302 -0.33522083 -0.46593643  0.10989636
 -0.40593249 -0.60278356 -0.79424489 -0.76191805]","[-0.38092284  0.11613928 -0.25903838 -0.70561186 -0.33231763  0.2848033
  0.25577695 -0.29805319  1.0672909   0.61050536 -0.48436972  0.45657787
 -0.82974307  0.0315982   0.51809299 -0.28960723]","[-0.34105035  1.99329188  0.88609221 -0.12254423  1.17446294  1.68111515
  0.82273299 -0.35531647  3.90504074  2.6390429   0.1282335   3.62538503
 -0.15550273  0.14271284  1.64936349 -0.3646468 ]"
3200,"[26.032547, 25.98154068, 18.99890709, 23.04244804, 13.06274891, 38.71340942, 41.91822815, 33.85239792, 48.48722076, 43.50426483, 31.94202995, 45.66587067, 31.0691967, 42.24494934, 39.43981171, 36.62394333]","[-23.30281448, -36.17382431, -57.45665359, -34.22354889, -77.11401367, 5.004380226, -15.63563538, -18.23599434, -1.373315454, -30.23643684, -17.42529106, -56.94267273, -33.42108536, -18.33623505, -9.655601501, -1.174233317]","[-43.04047012, 21.20704842, 52.75563049, -25.62180901, 130.1052094, -79.38757324, -74.64598846, -18.30828285, -9.616799355, -37.76078415, -11.88068771, 37.04598618, 0.1360627711, -47.84004974, -67.53613281, -18.37346649]","[-48.6645813, 60.60841751, 21.78597641, -55.43224716, 89.87480927, -3.780846596, 23.03055382, 12.72098255, 75.58699036, 41.92782211, -2.902342796, 19.98964882, 8.174796104, 54.72289658, 65.44348907, 57.70764923]","[0.47969616 0.4785127  0.31650027 0.4103193  0.17876837 0.77392
 0.84827883 0.66113386 1.00069388 0.88507836 0.61680913 0.93523236
 0.59655749 0.85585948 0.79077413 0.7254398 ]","[-0.66499252 -0.9636282  -1.45743655 -0.91837752 -1.91353045 -0.00820347
 -0.48709713 -0.54743117 -0.15618    -0.82586777 -0.52862107 -1.44551106
 -0.89975861 -0.54975697 -0.34834722 -0.15156086]","[-1.12294945  0.367734    1.09973035 -0.71879828  2.89441036 -1.96628202
 -1.85626685 -0.54910842 -0.34744693 -1.00044915 -0.3999741   0.73523212
 -0.12115912 -1.23431023 -1.69130259 -0.55062082]","[-1.25344117  1.28193225  0.3811664  -1.41046588  1.96097677 -0.21204001
  0.41004333  0.17083864  1.62946801  0.84850143 -0.1916568   0.33948766
  0.06535714  1.14537524  1.39411652  1.21462805]"
3206,"[65.8766861, 58.68020248, 42.61283875, 39.06587982, 28.93894386, 106.3004303, 88.51038361, 87.78130341, 98.8793335, 82.41238403, 66.93003082, 85.76365662, 56.19241714, 85.24993134, 87.07196045, 88.09113312]","[-36.04637527, -30.41887283, -26.35921097, -18.49081993, -20.21221924, -45.26428986, -33.89285278, -17.6662693, -27.58718109, -23.36762619, -11.322855, -15.35902691, -0.975153029, -31.59743118, -29.97022057, -21.684515]","[-88.09175873, -199.6168365, -110.1841278, -4.997022629, -105.9910126, -119.8632355, -65.6518631, -43.03647614, -92.62709808, -28.11576462, 7.832183361, 32.50697327, 19.07269669, -41.66283417, -17.03443718, -42.47118759]","[167.4329529, 226.5666351, 203.164917, 105.2379456, 125.1592484, 167.4841003, 169.4608765, 124.2177277, 193.472641, 184.0038147, 119.7135696, 141.0046387, 139.5567474, 123.5612869, 216.4260406, 167.5585632]","[ 0.29697963  0.21943369  0.04629929  0.00807892 -0.1010442   0.732567
  0.54086977  0.53301354  0.65260073  0.47516058  0.30832998  0.51127233
  0.19262648  0.50573666  0.52537     0.53635212]","[-0.80129561 -0.74065628 -0.69691126 -0.61212516 -0.63067415 -0.90062355
 -0.77809026 -0.60324018 -0.71014329 -0.66467534 -0.53488652 -0.57837842
 -0.42338452 -0.75335587 -0.73582181 -0.64653892]","[-1.36211232 -2.5638544  -1.60016936 -0.46672231 -1.55498631 -1.7044669
 -1.1203105  -0.87661767 -1.41098302 -0.71583906 -0.32848078 -0.06259679
 -0.20735827 -0.86181594 -0.59643186 -0.87052638]","[1.39130247 2.02849937 1.7763334  0.72111816 0.9357808  1.39185361
 1.41315442 0.92563541 1.67189397 1.56986233 0.87710071 1.10652331
 1.09092152 0.91856191 1.91922907 1.39265599]"
3212,"[16.30897713, 53.31537247, 35.00270844, 25.44613457, 65.197258, 46.4665947, 45.47607422, 19.93226433, 65.45918274, 56.1445961, 25.15173721, 74.23164368, 42.50508881, 68.78690338, 68.23738861, 20.08050346]","[-36.1259613, -34.67436218, -32.80838013, -22.7799778, -29.82421494, -69.74671173, -49.85227203, -14.27771759, -68.78142548, -65.4149704, -40.23638153, -56.03193665, -40.94067764, -45.2487793, -77.98233795, -38.7729454]","[58.27016449, -13.18427658, 65.30114746, 100.1805038, 47.83485413, 4.030100346, 84.84022522, 52.04837036, 22.47546387, 67.50948334, 79.79157257, 43.96477127, 84.80118561, 91.91596985, 99.43740082, 76.48938751]","[-52.00288391, -164.0309296, -77.32160187, -79.40746307, -120.5148849, -75.53948975, -76.70069885, -26.72878456, -104.5903854, -102.4151993, -31.34164047, -156.9617767, -27.05646706, -91.09931946, -125.1890106, -18.07573128]","[0.32546897 0.87497221 0.6030498  0.46114546 1.05140481 0.77327559
 0.75856747 0.3792707  1.0552941  0.91698299 0.45677399 1.18555525
 0.71445169 1.104707   1.09654732 0.38147189]","[-0.45313073 -0.43157612 -0.40386839 -0.25495792 -0.3595569  -0.95236096
 -0.65695096 -0.12870895 -0.93802754 -0.88803948 -0.51416583 -0.74871201
 -0.52462384 -0.58859429 -1.07465072 -0.49243546]","[ 0.94854529 -0.11247258  1.05294745  1.57086656  0.7935927   0.1431415
  1.34308072  0.85615866  0.41703435  1.08573875  1.26811393  0.73612633
  1.34250103  1.44814755  1.55983232  1.2190802 ]","[-0.68888512 -2.35237526 -1.06483953 -1.09581222 -1.70621107 -1.03837718
 -1.05561982 -0.31359325 -1.46975022 -1.43745115 -0.38208896 -2.24740631
 -0.31845897 -1.2694231  -1.77561657 -0.18510517]"
3220,"[3.107845306, -14.70992279, -8.120674133, 0.6149914265, -13.26845932, -9.791049004, -8.484368324, -8.93874836, -14.65391541, -17.93286133, -15.58049297, -25.93312263, -14.45076561, -6.204477787, -10.81205177, -15.63958931]","[84.70343781, 138.4250793, 86.94128418, 40.54753494, 84.15960693, 83.23394775, 57.42268372, 28.61615944, 127.4119949, 75.42041779, 28.60141945, 65.24662018, 24.20414925, 18.66753006, 23.63204575, 4.951033592]","[-58.04459, 116.1295547, 43.76186371, 14.44717979, 133.0803375, -1.727655649, -34.17007065, -14.32334709, 46.70287323, 55.32840347, 37.41698456, 143.7194672, 67.67009735, -37.99499512, 2.011561632, 10.7094183]","[39.0148201, 147.8439331, 25.19795227, 9.696205139, 20.80537033, 179.4837952, 66.83152771, 32.21287155, 125.0824356, 39.02164078, 27.83561325, 14.44619083, 17.39357376, 71.40953064, 50.23291016, 16.35236931]","[-0.60722936 -0.95344155 -0.82540766 -0.65566732 -0.92543287 -0.85786426
 -0.8324745  -0.84130343 -0.95235329 -1.01606559 -0.97035736 -1.17151649
 -0.94840594 -0.78817457 -0.87770308 -0.97150565]","[ 0.97823235  2.02208292  1.02171533  0.12025104  0.96766532  0.94967909
  0.44814746 -0.11158426  1.80809068  0.79785652 -0.11187067  0.60017223
 -0.19731283 -0.30489337 -0.20842922 -0.57141487]","[-1.79546565  1.58886466  0.18270779 -0.38689784  1.9182307  -0.70118666
 -1.33156638 -0.9459301   0.23985374  0.40745407  0.05942217  2.12495673
  0.64726216 -1.40588744 -0.62853095 -0.45952527]","[ 0.09046928  2.2050981  -0.17800251 -0.47921273 -0.26335357  2.81988363
  0.63096814 -0.04169753  1.76282565  0.09060181 -0.12675084 -0.38691706
 -0.32964726  0.71992207  0.30844493 -0.34987862]"
